stem,category,img_path,sam2_iou,teacher_iou,student_iou,sam2_warn,teacher_warn,student_warn
HEALTHY_1711620370301,HEALTHY,/home/luno/Projects/yellowmaize/data/gold_standard/images/HEALTHY_1711620370301.jpg,0.8993,-1.0,-1.0,False,False,False
HEALTHY_1711621484816,HEALTHY,/home/luno/Projects/yellowmaize/data/gold_standard/images/HEALTHY_1711621484816.jpg,0.7301,-1.0,-1.0,True,False,False
HEALTHY_1711631623274,HEALTHY,/home/luno/Projects/yellowmaize/data/gold_standard/images/HEALTHY_1711631623274.jpg,0.7579,-1.0,-1.0,False,False,False
HEALTHY_1711960891044,HEALTHY,/home/luno/Projects/yellowmaize/data/gold_standard/images/HEALTHY_1711960891044.jpg,0.7685,-1.0,-1.0,False,False,False
HEALTHY_1711961878909,HEALTHY,/home/luno/Projects/yellowmaize/data/gold_standard/images/HEALTHY_1711961878909.jpg,0.7242,-1.0,-1.0,True,False,False
HEALTHY_1711966183442,HEALTHY,/home/luno/Projects/yellowmaize/data/gold_standard/images/HEALTHY_1711966183442.jpg,0.7871,-1.0,-1.0,False,False,False
HEALTHY_1711970996805,HEALTHY,/home/luno/Projects/yellowmaize/data/gold_standard/images/HEALTHY_1711970996805.jpg,0.9763,-1.0,-1.0,False,False,False
HEALTHY_1711981578617,HEALTHY,/home/luno/Projects/yellowmaize/data/gold_standard/images/HEALTHY_1711981578617.jpg,0.8604,-1.0,-1.0,False,False,False
HEALTHY_1712047627099,HEALTHY,/home/luno/Projects/yellowmaize/data/gold_standard/images/HEALTHY_1712047627099.jpg,0.9137,-1.0,-1.0,False,False,False
HEALTHY_1712053385474,HEALTHY,/home/luno/Projects/yellowmaize/data/gold_standard/images/HEALTHY_1712053385474.jpg,0.8658,-1.0,-1.0,False,False,False
HEALTHY_1712058315413,HEALTHY,/home/luno/Projects/yellowmaize/data/gold_standard/images/HEALTHY_1712058315413.jpg,0.507,-1.0,-1.0,True,False,False
HEALTHY_1712062249108,HEALTHY,/home/luno/Projects/yellowmaize/data/gold_standard/images/HEALTHY_1712062249108.jpg,0.9002,-1.0,-1.0,False,False,False
HEALTHY_1712145455285,HEALTHY,/home/luno/Projects/yellowmaize/data/gold_standard/images/HEALTHY_1712145455285.jpg,0.7701,-1.0,-1.0,False,False,False
HEALTHY_1712146019790,HEALTHY,/home/luno/Projects/yellowmaize/data/gold_standard/images/HEALTHY_1712146019790.jpg,0.0005,-1.0,-1.0,True,False,False
HEALTHY_1712151651858,HEALTHY,/home/luno/Projects/yellowmaize/data/gold_standard/images/HEALTHY_1712151651858.jpg,0.8857,-1.0,-1.0,False,False,False
HEALTHY_1712233270954,HEALTHY,/home/luno/Projects/yellowmaize/data/gold_standard/images/HEALTHY_1712233270954.jpg,0.6248,-1.0,-1.0,True,False,False
HEALTHY_1712399462697,HEALTHY,/home/luno/Projects/yellowmaize/data/gold_standard/images/HEALTHY_1712399462697.jpg,0.9848,-1.0,-1.0,False,False,False
HEALTHY_1712578388349,HEALTHY,/home/luno/Projects/yellowmaize/data/gold_standard/images/HEALTHY_1712578388349.jpg,0.8474,-1.0,-1.0,False,False,False
HEALTHY_1712581802063,HEALTHY,/home/luno/Projects/yellowmaize/data/gold_standard/images/HEALTHY_1712581802063.jpg,0.0348,-1.0,-1.0,True,False,False
HEALTHY_1712653987680,HEALTHY,/home/luno/Projects/yellowmaize/data/gold_standard/images/HEALTHY_1712653987680.jpg,0.8837,-1.0,-1.0,False,False,False
HEALTHY_1712665711352,HEALTHY,/home/luno/Projects/yellowmaize/data/gold_standard/images/HEALTHY_1712665711352.jpg,0.8081,-1.0,-1.0,False,False,False
HEALTHY_1712666241874,HEALTHY,/home/luno/Projects/yellowmaize/data/gold_standard/images/HEALTHY_1712666241874.jpg,0.5834,-1.0,-1.0,True,False,False
HEALTHY_1712744105061,HEALTHY,/home/luno/Projects/yellowmaize/data/gold_standard/images/HEALTHY_1712744105061.jpg,0.829,-1.0,-1.0,False,False,False
HEALTHY_1712751806348,HEALTHY,/home/luno/Projects/yellowmaize/data/gold_standard/images/HEALTHY_1712751806348.jpg,0.9119,-1.0,-1.0,False,False,False
HEALTHY_1712834293745,HEALTHY,/home/luno/Projects/yellowmaize/data/gold_standard/images/HEALTHY_1712834293745.jpg,0.8957,-1.0,-1.0,False,False,False
HEALTHY_1712837693878,HEALTHY,/home/luno/Projects/yellowmaize/data/gold_standard/images/HEALTHY_1712837693878.jpg,0.9877,-1.0,-1.0,False,False,False
HEALTHY_1712842025714,HEALTHY,/home/luno/Projects/yellowmaize/data/gold_standard/images/HEALTHY_1712842025714.jpg,0.8574,-1.0,-1.0,False,False,False
HEALTHY_1712927999505,HEALTHY,/home/luno/Projects/yellowmaize/data/gold_standard/images/HEALTHY_1712927999505.jpg,0.743,-1.0,-1.0,True,False,False
HEALTHY_1712998522334,HEALTHY,/home/luno/Projects/yellowmaize/data/gold_standard/images/HEALTHY_1712998522334.jpg,0.7959,-1.0,-1.0,False,False,False
HEALTHY_1713011144082,HEALTHY,/home/luno/Projects/yellowmaize/data/gold_standard/images/HEALTHY_1713011144082.jpg,0.9183,-1.0,-1.0,False,False,False
HEALTHY_1713172507123,HEALTHY,/home/luno/Projects/yellowmaize/data/gold_standard/images/HEALTHY_1713172507123.jpg,0.851,-1.0,-1.0,False,False,False
HEALTHY_1713175314907,HEALTHY,/home/luno/Projects/yellowmaize/data/gold_standard/images/HEALTHY_1713175314907.jpg,0.8763,-1.0,-1.0,False,False,False
HEALTHY_1713428432153,HEALTHY,/home/luno/Projects/yellowmaize/data/gold_standard/images/HEALTHY_1713428432153.jpg,0.8182,-1.0,-1.0,False,False,False
HEALTHY_1713448331081,HEALTHY,/home/luno/Projects/yellowmaize/data/gold_standard/images/HEALTHY_1713448331081.jpg,0.8298,-1.0,-1.0,False,False,False
HEALTHY_1715666275278,HEALTHY,/home/luno/Projects/yellowmaize/data/gold_standard/images/HEALTHY_1715666275278.jpg,0.7018,-1.0,-1.0,True,False,False
HEALTHY_1715852039969,HEALTHY,/home/luno/Projects/yellowmaize/data/gold_standard/images/HEALTHY_1715852039969.jpg,0.8581,-1.0,-1.0,False,False,False
HEALTHY_1715859230533,HEALTHY,/home/luno/Projects/yellowmaize/data/gold_standard/images/HEALTHY_1715859230533.jpg,0.8624,-1.0,-1.0,False,False,False
HEALTHY_1716542858123,HEALTHY,/home/luno/Projects/yellowmaize/data/gold_standard/images/HEALTHY_1716542858123.jpg,0.8796,-1.0,-1.0,False,False,False
HEALTHY_1716810408812,HEALTHY,/home/luno/Projects/yellowmaize/data/gold_standard/images/HEALTHY_1716810408812.jpg,0.7786,-1.0,-1.0,False,False,False
HEALTHY_1717069233318,HEALTHY,/home/luno/Projects/yellowmaize/data/gold_standard/images/HEALTHY_1717069233318.jpg,0.8957,-1.0,-1.0,False,False,False
HEALTHY_1717414081914,HEALTHY,/home/luno/Projects/yellowmaize/data/gold_standard/images/HEALTHY_1717414081914.jpg,0.7374,-1.0,-1.0,True,False,False
HEALTHY_1717419941924,HEALTHY,/home/luno/Projects/yellowmaize/data/gold_standard/images/HEALTHY_1717419941924.jpg,0.9756,-1.0,-1.0,False,False,False
HEALTHY_1717570723979,HEALTHY,/home/luno/Projects/yellowmaize/data/gold_standard/images/HEALTHY_1717570723979.jpg,0.7479,-1.0,-1.0,True,False,False
HEALTHY_1717586709235,HEALTHY,/home/luno/Projects/yellowmaize/data/gold_standard/images/HEALTHY_1717586709235.jpg,0.9917,-1.0,-1.0,False,False,False
HEALTHY_1717665004053,HEALTHY,/home/luno/Projects/yellowmaize/data/gold_standard/images/HEALTHY_1717665004053.jpg,0.9928,-1.0,-1.0,False,False,False
HEALTHY_1717674968354,HEALTHY,/home/luno/Projects/yellowmaize/data/gold_standard/images/HEALTHY_1717674968354.jpg,0.6389,-1.0,-1.0,True,False,False
HEALTHY_1717675403432,HEALTHY,/home/luno/Projects/yellowmaize/data/gold_standard/images/HEALTHY_1717675403432.jpg,0.8592,-1.0,-1.0,False,False,False
HEALTHY_1717757256391,HEALTHY,/home/luno/Projects/yellowmaize/data/gold_standard/images/HEALTHY_1717757256391.jpg,0.9918,-1.0,-1.0,False,False,False
HEALTHY_1717771677922,HEALTHY,/home/luno/Projects/yellowmaize/data/gold_standard/images/HEALTHY_1717771677922.jpg,0.0,-1.0,-1.0,True,False,False
HEALTHY_1718358185166,HEALTHY,/home/luno/Projects/yellowmaize/data/gold_standard/images/HEALTHY_1718358185166.jpg,0.9069,-1.0,-1.0,False,False,False
HEALTHY_1718615891652,HEALTHY,/home/luno/Projects/yellowmaize/data/gold_standard/images/HEALTHY_1718615891652.jpg,-1.0,-1.0,-1.0,False,False,False
HEALTHY_1718778189832,HEALTHY,/home/luno/Projects/yellowmaize/data/gold_standard/images/HEALTHY_1718778189832.jpg,0.9899,-1.0,-1.0,False,False,False
HEALTHY_1719225131518,HEALTHY,/home/luno/Projects/yellowmaize/data/gold_standard/images/HEALTHY_1719225131518.jpg,0.8486,-1.0,-1.0,False,False,False
HEALTHY_1719322820900,HEALTHY,/home/luno/Projects/yellowmaize/data/gold_standard/images/HEALTHY_1719322820900.jpg,0.7743,-1.0,-1.0,False,False,False
HEALTHY_1719403783254,HEALTHY,/home/luno/Projects/yellowmaize/data/gold_standard/images/HEALTHY_1719403783254.jpg,0.8806,-1.0,-1.0,False,False,False
HEALTHY_1719582255249,HEALTHY,/home/luno/Projects/yellowmaize/data/gold_standard/images/HEALTHY_1719582255249.jpg,0.9743,-1.0,-1.0,False,False,False
HEALTHY_1719843143370,HEALTHY,/home/luno/Projects/yellowmaize/data/gold_standard/images/HEALTHY_1719843143370.jpg,0.9862,-1.0,-1.0,False,False,False
HEALTHY_1720079396926,HEALTHY,/home/luno/Projects/yellowmaize/data/gold_standard/images/HEALTHY_1720079396926.jpg,0.7675,-1.0,-1.0,False,False,False
HEALTHY_1720095577216,HEALTHY,/home/luno/Projects/yellowmaize/data/gold_standard/images/HEALTHY_1720095577216.jpg,0.8728,-1.0,-1.0,False,False,False
HEALTHY_1720180013291,HEALTHY,/home/luno/Projects/yellowmaize/data/gold_standard/images/HEALTHY_1720180013291.jpg,0.9906,-1.0,-1.0,False,False,False
HEALTHY_1720688515100,HEALTHY,/home/luno/Projects/yellowmaize/data/gold_standard/images/HEALTHY_1720688515100.jpg,0.9942,-1.0,-1.0,False,False,False
HEALTHY_1721037578542,HEALTHY,/home/luno/Projects/yellowmaize/data/gold_standard/images/HEALTHY_1721037578542.jpg,0.7804,-1.0,-1.0,False,False,False
HEALTHY_1721201153749,HEALTHY,/home/luno/Projects/yellowmaize/data/gold_standard/images/HEALTHY_1721201153749.jpg,0.813,-1.0,-1.0,False,False,False
HEALTHY_1721213984248,HEALTHY,/home/luno/Projects/yellowmaize/data/gold_standard/images/HEALTHY_1721213984248.jpg,0.9945,-1.0,-1.0,False,False,False
HEALTHY_1721289680996,HEALTHY,/home/luno/Projects/yellowmaize/data/gold_standard/images/HEALTHY_1721289680996.jpg,0.9161,-1.0,-1.0,False,False,False
HEALTHY_1721302263185,HEALTHY,/home/luno/Projects/yellowmaize/data/gold_standard/images/HEALTHY_1721302263185.jpg,0.6802,-1.0,-1.0,True,False,False
HEALTHY_1721303836048,HEALTHY,/home/luno/Projects/yellowmaize/data/gold_standard/images/HEALTHY_1721303836048.jpg,0.9949,-1.0,-1.0,False,False,False
HEALTHY_1721381092368,HEALTHY,/home/luno/Projects/yellowmaize/data/gold_standard/images/HEALTHY_1721381092368.jpg,0.7693,-1.0,-1.0,False,False,False
HEALTHY_1721468569598,HEALTHY,/home/luno/Projects/yellowmaize/data/gold_standard/images/HEALTHY_1721468569598.jpg,0.9747,-1.0,-1.0,False,False,False
HEALTHY_1721639574879,HEALTHY,/home/luno/Projects/yellowmaize/data/gold_standard/images/HEALTHY_1721639574879.jpg,0.8064,-1.0,-1.0,False,False,False
HEALTHY_1721730586045,HEALTHY,/home/luno/Projects/yellowmaize/data/gold_standard/images/HEALTHY_1721730586045.jpg,0.972,-1.0,-1.0,False,False,False
HEALTHY_1721815355494,HEALTHY,/home/luno/Projects/yellowmaize/data/gold_standard/images/HEALTHY_1721815355494.jpg,0.8415,-1.0,-1.0,False,False,False
HEALTHY_1721822312613,HEALTHY,/home/luno/Projects/yellowmaize/data/gold_standard/images/HEALTHY_1721822312613.jpg,0.8944,-1.0,-1.0,False,False,False
HEALTHY_1721891024449,HEALTHY,/home/luno/Projects/yellowmaize/data/gold_standard/images/HEALTHY_1721891024449.jpg,0.8636,-1.0,-1.0,False,False,False
HEALTHY_1721897697487,HEALTHY,/home/luno/Projects/yellowmaize/data/gold_standard/images/HEALTHY_1721897697487.jpg,0.9954,-1.0,-1.0,False,False,False
HEALTHY_1721981821291,HEALTHY,/home/luno/Projects/yellowmaize/data/gold_standard/images/HEALTHY_1721981821291.jpg,0.8798,-1.0,-1.0,False,False,False
HEALTHY_1722070903636,HEALTHY,/home/luno/Projects/yellowmaize/data/gold_standard/images/HEALTHY_1722070903636.jpg,0.7918,-1.0,-1.0,False,False,False
HEALTHY_1722412906932,HEALTHY,/home/luno/Projects/yellowmaize/data/gold_standard/images/HEALTHY_1722412906932.jpg,0.959,-1.0,-1.0,False,False,False
HEALTHY_1722496940874,HEALTHY,/home/luno/Projects/yellowmaize/data/gold_standard/images/HEALTHY_1722496940874.jpg,0.9596,-1.0,-1.0,False,False,False
HEALTHY_1722498960667,HEALTHY,/home/luno/Projects/yellowmaize/data/gold_standard/images/HEALTHY_1722498960667.jpg,0.6788,-1.0,-1.0,True,False,False
HEALTHY_1722588704431,HEALTHY,/home/luno/Projects/yellowmaize/data/gold_standard/images/HEALTHY_1722588704431.jpg,0.8168,-1.0,-1.0,False,False,False
HEALTHY_1722691074832,HEALTHY,/home/luno/Projects/yellowmaize/data/gold_standard/images/HEALTHY_1722691074832.jpg,0.6247,-1.0,-1.0,True,False,False
HEALTHY_1723018000132,HEALTHY,/home/luno/Projects/yellowmaize/data/gold_standard/images/HEALTHY_1723018000132.jpg,0.9375,-1.0,-1.0,False,False,False
HEALTHY_1723046006988,HEALTHY,/home/luno/Projects/yellowmaize/data/gold_standard/images/HEALTHY_1723046006988.jpg,0.8153,-1.0,-1.0,False,False,False
HEALTHY_1723100807646,HEALTHY,/home/luno/Projects/yellowmaize/data/gold_standard/images/HEALTHY_1723100807646.jpg,0.9241,-1.0,-1.0,False,False,False
HEALTHY_1723813553117,HEALTHY,/home/luno/Projects/yellowmaize/data/gold_standard/images/HEALTHY_1723813553117.jpg,0.992,-1.0,-1.0,False,False,False
HEALTHY_1724054016701,HEALTHY,/home/luno/Projects/yellowmaize/data/gold_standard/images/HEALTHY_1724054016701.jpg,0.8714,-1.0,-1.0,False,False,False
HEALTHY_1725003693348,HEALTHY,/home/luno/Projects/yellowmaize/data/gold_standard/images/HEALTHY_1725003693348.jpg,0.8023,-1.0,-1.0,False,False,False
HEALTHY_1725022210990,HEALTHY,/home/luno/Projects/yellowmaize/data/gold_standard/images/HEALTHY_1725022210990.jpg,0.8035,-1.0,-1.0,False,False,False
HEALTHY_1725362893455,HEALTHY,/home/luno/Projects/yellowmaize/data/gold_standard/images/HEALTHY_1725362893455.jpg,0.8753,-1.0,-1.0,False,False,False
HEALTHY_1725430397074,HEALTHY,/home/luno/Projects/yellowmaize/data/gold_standard/images/HEALTHY_1725430397074.jpg,0.8318,-1.0,-1.0,False,False,False
HEALTHY_Image_1207,HEALTHY,/home/luno/Projects/yellowmaize/data/gold_standard/images/HEALTHY_Image_1207.jpg,0.9883,-1.0,-1.0,False,False,False
HEALTHY_Image_1519,HEALTHY,/home/luno/Projects/yellowmaize/data/gold_standard/images/HEALTHY_Image_1519.jpg,-1.0,-1.0,-1.0,False,False,False
HEALTHY_Image_261,HEALTHY,/home/luno/Projects/yellowmaize/data/gold_standard/images/HEALTHY_Image_261.jpg,-1.0,-1.0,-1.0,False,False,False
HEALTHY_Image_812,HEALTHY,/home/luno/Projects/yellowmaize/data/gold_standard/images/HEALTHY_Image_812.jpg,0.9872,-1.0,-1.0,False,False,False
MLN_1711363423112,MLN,/home/luno/Projects/yellowmaize/data/gold_standard/images/MLN_1711363423112.jpg,0.5066,-1.0,-1.0,True,False,False
MLN_1721214093157,MLN,/home/luno/Projects/yellowmaize/data/gold_standard/images/MLN_1721214093157.jpg,0.8603,-1.0,-1.0,False,False,False
MLN_1721222709948,MLN,/home/luno/Projects/yellowmaize/data/gold_standard/images/MLN_1721222709948.jpg,0.8576,-1.0,-1.0,False,False,False
MLN_1721899708305,MLN,/home/luno/Projects/yellowmaize/data/gold_standard/images/MLN_1721899708305.jpg,0.5944,-1.0,-1.0,True,False,False
MLN_1723282097100,MLN,/home/luno/Projects/yellowmaize/data/gold_standard/images/MLN_1723282097100.jpg,0.7409,-1.0,-1.0,True,False,False
MLN_1724148144790,MLN,/home/luno/Projects/yellowmaize/data/gold_standard/images/MLN_1724148144790.jpg,0.6479,-1.0,-1.0,True,False,False
MLN_1724313630896,MLN,/home/luno/Projects/yellowmaize/data/gold_standard/images/MLN_1724313630896.jpg,0.5729,-1.0,-1.0,True,False,False
MLN_1724843662215,MLN,/home/luno/Projects/yellowmaize/data/gold_standard/images/MLN_1724843662215.jpg,0.6859,-1.0,-1.0,True,False,False
MLN_1726046321307,MLN,/home/luno/Projects/yellowmaize/data/gold_standard/images/MLN_1726046321307.jpg,0.9547,-1.0,-1.0,False,False,False
MLN_1726046436927,MLN,/home/luno/Projects/yellowmaize/data/gold_standard/images/MLN_1726046436927.jpg,0.7887,-1.0,-1.0,False,False,False
MLN_1726050213845,MLN,/home/luno/Projects/yellowmaize/data/gold_standard/images/MLN_1726050213845.jpg,0.6417,-1.0,-1.0,True,False,False
MLN_1726053378376,MLN,/home/luno/Projects/yellowmaize/data/gold_standard/images/MLN_1726053378376.jpg,0.834,-1.0,-1.0,False,False,False
MLN_1726061064916,MLN,/home/luno/Projects/yellowmaize/data/gold_standard/images/MLN_1726061064916.jpg,0.5219,-1.0,-1.0,True,False,False
MLN_1726125515909,MLN,/home/luno/Projects/yellowmaize/data/gold_standard/images/MLN_1726125515909.jpg,0.9233,-1.0,-1.0,False,False,False
MLN_1726478878841,MLN,/home/luno/Projects/yellowmaize/data/gold_standard/images/MLN_1726478878841.jpg,0.7397,-1.0,-1.0,True,False,False
MLN_1726480981925,MLN,/home/luno/Projects/yellowmaize/data/gold_standard/images/MLN_1726480981925.jpg,0.654,-1.0,-1.0,True,False,False
MLN_1726483751179,MLN,/home/luno/Projects/yellowmaize/data/gold_standard/images/MLN_1726483751179.jpg,0.9752,-1.0,-1.0,False,False,False
MLN_1726489458883,MLN,/home/luno/Projects/yellowmaize/data/gold_standard/images/MLN_1726489458883.jpg,0.941,-1.0,-1.0,False,False,False
MLN_1726567622748,MLN,/home/luno/Projects/yellowmaize/data/gold_standard/images/MLN_1726567622748.jpg,0.8374,-1.0,-1.0,False,False,False
MLN_1726572967393,MLN,/home/luno/Projects/yellowmaize/data/gold_standard/images/MLN_1726572967393.jpg,0.5829,-1.0,-1.0,True,False,False
MLN_1726582457933,MLN,/home/luno/Projects/yellowmaize/data/gold_standard/images/MLN_1726582457933.jpg,0.7364,-1.0,-1.0,True,False,False
MLN_1726667139208,MLN,/home/luno/Projects/yellowmaize/data/gold_standard/images/MLN_1726667139208.jpg,0.7324,-1.0,-1.0,True,False,False
MLN_1726744490557,MLN,/home/luno/Projects/yellowmaize/data/gold_standard/images/MLN_1726744490557.jpg,0.4695,-1.0,-1.0,True,False,False
MLN_1727085098995,MLN,/home/luno/Projects/yellowmaize/data/gold_standard/images/MLN_1727085098995.jpg,0.7903,-1.0,-1.0,False,False,False
MLN_1727098372622,MLN,/home/luno/Projects/yellowmaize/data/gold_standard/images/MLN_1727098372622.jpg,0.7917,-1.0,-1.0,False,False,False
MLN_1727264596255,MLN,/home/luno/Projects/yellowmaize/data/gold_standard/images/MLN_1727264596255.jpg,0.3918,-1.0,-1.0,True,False,False
MLN_1727267092704,MLN,/home/luno/Projects/yellowmaize/data/gold_standard/images/MLN_1727267092704.jpg,0.8235,-1.0,-1.0,False,False,False
MLN_1727268632612,MLN,/home/luno/Projects/yellowmaize/data/gold_standard/images/MLN_1727268632612.jpg,0.7511,-1.0,-1.0,False,False,False
MLN_1727348966535,MLN,/home/luno/Projects/yellowmaize/data/gold_standard/images/MLN_1727348966535.jpg,0.5881,-1.0,-1.0,True,False,False
MLN_1727352328837,MLN,/home/luno/Projects/yellowmaize/data/gold_standard/images/MLN_1727352328837.jpg,0.99,-1.0,-1.0,False,False,False
MLN_1727353579450,MLN,/home/luno/Projects/yellowmaize/data/gold_standard/images/MLN_1727353579450.jpg,0.9115,-1.0,-1.0,False,False,False
MLN_1727354683138,MLN,/home/luno/Projects/yellowmaize/data/gold_standard/images/MLN_1727354683138.jpg,0.9358,-1.0,-1.0,False,False,False
MLN_1727426151328,MLN,/home/luno/Projects/yellowmaize/data/gold_standard/images/MLN_1727426151328.jpg,0.0215,-1.0,-1.0,True,False,False
MLN_1727437111446,MLN,/home/luno/Projects/yellowmaize/data/gold_standard/images/MLN_1727437111446.jpg,0.7544,-1.0,-1.0,False,False,False
MLN_1727437856059,MLN,/home/luno/Projects/yellowmaize/data/gold_standard/images/MLN_1727437856059.jpg,0.9183,-1.0,-1.0,False,False,False
MLN_1727683452042,MLN,/home/luno/Projects/yellowmaize/data/gold_standard/images/MLN_1727683452042.jpg,0.7958,-1.0,-1.0,False,False,False
MLN_1727685930602,MLN,/home/luno/Projects/yellowmaize/data/gold_standard/images/MLN_1727685930602.jpg,0.9073,-1.0,-1.0,False,False,False
MLN_1727686637365,MLN,/home/luno/Projects/yellowmaize/data/gold_standard/images/MLN_1727686637365.jpg,0.6249,-1.0,-1.0,True,False,False
MLN_1727775510931,MLN,/home/luno/Projects/yellowmaize/data/gold_standard/images/MLN_1727775510931.jpg,0.7292,-1.0,-1.0,True,False,False
MLN_1727949472595,MLN,/home/luno/Projects/yellowmaize/data/gold_standard/images/MLN_1727949472595.jpg,0.8163,-1.0,-1.0,False,False,False
MLN_1727956345875,MLN,/home/luno/Projects/yellowmaize/data/gold_standard/images/MLN_1727956345875.jpg,0.587,-1.0,-1.0,True,False,False
MLN_1727956872863,MLN,/home/luno/Projects/yellowmaize/data/gold_standard/images/MLN_1727956872863.jpg,0.9256,-1.0,-1.0,False,False,False
MLN_1727966609034,MLN,/home/luno/Projects/yellowmaize/data/gold_standard/images/MLN_1727966609034.jpg,0.7095,-1.0,-1.0,True,False,False
MLN_1728038721492,MLN,/home/luno/Projects/yellowmaize/data/gold_standard/images/MLN_1728038721492.jpg,0.5523,-1.0,-1.0,True,False,False
MLN_1728044266096,MLN,/home/luno/Projects/yellowmaize/data/gold_standard/images/MLN_1728044266096.jpg,0.5043,-1.0,-1.0,True,False,False
MLN_1728124849999,MLN,/home/luno/Projects/yellowmaize/data/gold_standard/images/MLN_1728124849999.jpg,0.0717,-1.0,-1.0,True,False,False
MLN_1728128060994,MLN,/home/luno/Projects/yellowmaize/data/gold_standard/images/MLN_1728128060994.jpg,0.5497,-1.0,-1.0,True,False,False
MLN_1728295476379,MLN,/home/luno/Projects/yellowmaize/data/gold_standard/images/MLN_1728295476379.jpg,0.8064,-1.0,-1.0,False,False,False
MLN_1728297896950,MLN,/home/luno/Projects/yellowmaize/data/gold_standard/images/MLN_1728297896950.jpg,0.6089,-1.0,-1.0,True,False,False
MLN_1728553854166,MLN,/home/luno/Projects/yellowmaize/data/gold_standard/images/MLN_1728553854166.jpg,0.7934,-1.0,-1.0,False,False,False
MLN_1728560969885,MLN,/home/luno/Projects/yellowmaize/data/gold_standard/images/MLN_1728560969885.jpg,0.7737,-1.0,-1.0,False,False,False
MLN_1728638789100,MLN,/home/luno/Projects/yellowmaize/data/gold_standard/images/MLN_1728638789100.jpg,0.7816,-1.0,-1.0,False,False,False
MLN_1728644316601,MLN,/home/luno/Projects/yellowmaize/data/gold_standard/images/MLN_1728644316601.jpg,0.802,-1.0,-1.0,False,False,False
MLN_1728897201399,MLN,/home/luno/Projects/yellowmaize/data/gold_standard/images/MLN_1728897201399.jpg,0.9315,-1.0,-1.0,False,False,False
MLN_1728981224020,MLN,/home/luno/Projects/yellowmaize/data/gold_standard/images/MLN_1728981224020.jpg,0.991,-1.0,-1.0,False,False,False
MLN_1728988765915,MLN,/home/luno/Projects/yellowmaize/data/gold_standard/images/MLN_1728988765915.jpg,0.6689,-1.0,-1.0,True,False,False
MLN_1729070780005,MLN,/home/luno/Projects/yellowmaize/data/gold_standard/images/MLN_1729070780005.jpg,0.9214,-1.0,-1.0,False,False,False
MLN_1729078473266,MLN,/home/luno/Projects/yellowmaize/data/gold_standard/images/MLN_1729078473266.jpg,0.8458,-1.0,-1.0,False,False,False
MLN_1729092989396,MLN,/home/luno/Projects/yellowmaize/data/gold_standard/images/MLN_1729092989396.jpg,0.6123,-1.0,-1.0,True,False,False
MLN_1729149000810,MLN,/home/luno/Projects/yellowmaize/data/gold_standard/images/MLN_1729149000810.jpg,0.724,-1.0,-1.0,True,False,False
MLN_1729154103454,MLN,/home/luno/Projects/yellowmaize/data/gold_standard/images/MLN_1729154103454.jpg,0.9099,-1.0,-1.0,False,False,False
MLN_1729157043936,MLN,/home/luno/Projects/yellowmaize/data/gold_standard/images/MLN_1729157043936.jpg,0.5801,-1.0,-1.0,True,False,False
MLN_1729157866234,MLN,/home/luno/Projects/yellowmaize/data/gold_standard/images/MLN_1729157866234.jpg,0.8839,-1.0,-1.0,False,False,False
MLN_1729166222080,MLN,/home/luno/Projects/yellowmaize/data/gold_standard/images/MLN_1729166222080.jpg,0.5708,-1.0,-1.0,True,False,False
MLN_1729584488588,MLN,/home/luno/Projects/yellowmaize/data/gold_standard/images/MLN_1729584488588.jpg,0.9214,-1.0,-1.0,False,False,False
MLN_1729589820811,MLN,/home/luno/Projects/yellowmaize/data/gold_standard/images/MLN_1729589820811.jpg,0.4917,-1.0,-1.0,True,False,False
MLN_1729597706771,MLN,/home/luno/Projects/yellowmaize/data/gold_standard/images/MLN_1729597706771.jpg,0.8411,-1.0,-1.0,False,False,False
MLN_1729691337238,MLN,/home/luno/Projects/yellowmaize/data/gold_standard/images/MLN_1729691337238.jpg,0.8061,-1.0,-1.0,False,False,False
MLN_1730193325794,MLN,/home/luno/Projects/yellowmaize/data/gold_standard/images/MLN_1730193325794.jpg,0.5621,-1.0,-1.0,True,False,False
MLN_1730196455919,MLN,/home/luno/Projects/yellowmaize/data/gold_standard/images/MLN_1730196455919.jpg,0.8605,-1.0,-1.0,False,False,False
MLN_1730284219329,MLN,/home/luno/Projects/yellowmaize/data/gold_standard/images/MLN_1730284219329.jpg,0.5923,-1.0,-1.0,True,False,False
MLN_1730298421046,MLN,/home/luno/Projects/yellowmaize/data/gold_standard/images/MLN_1730298421046.jpg,0.4324,-1.0,-1.0,True,False,False
MLN_1730300999212,MLN,/home/luno/Projects/yellowmaize/data/gold_standard/images/MLN_1730300999212.jpg,0.7307,-1.0,-1.0,True,False,False
MLN_1730366735812,MLN,/home/luno/Projects/yellowmaize/data/gold_standard/images/MLN_1730366735812.jpg,0.8478,-1.0,-1.0,False,False,False
MLN_1730705660809,MLN,/home/luno/Projects/yellowmaize/data/gold_standard/images/MLN_1730705660809.jpg,0.9012,-1.0,-1.0,False,False,False
MLN_1730792282168,MLN,/home/luno/Projects/yellowmaize/data/gold_standard/images/MLN_1730792282168.jpg,0.2673,-1.0,-1.0,True,False,False
MLN_1730881969046,MLN,/home/luno/Projects/yellowmaize/data/gold_standard/images/MLN_1730881969046.jpg,0.4871,-1.0,-1.0,True,False,False
MLN_1730894052750,MLN,/home/luno/Projects/yellowmaize/data/gold_standard/images/MLN_1730894052750.jpg,0.6411,-1.0,-1.0,True,False,False
MLN_1731067842329,MLN,/home/luno/Projects/yellowmaize/data/gold_standard/images/MLN_1731067842329.jpg,0.9386,-1.0,-1.0,False,False,False
MLN_1731076285336,MLN,/home/luno/Projects/yellowmaize/data/gold_standard/images/MLN_1731076285336.jpg,0.8877,-1.0,-1.0,False,False,False
MLN_1731138848020,MLN,/home/luno/Projects/yellowmaize/data/gold_standard/images/MLN_1731138848020.jpg,0.5463,-1.0,-1.0,True,False,False
MLN_1731164993007,MLN,/home/luno/Projects/yellowmaize/data/gold_standard/images/MLN_1731164993007.jpg,0.662,-1.0,-1.0,True,False,False
MLN_1731309796871,MLN,/home/luno/Projects/yellowmaize/data/gold_standard/images/MLN_1731309796871.jpg,0.0001,-1.0,-1.0,True,False,False
MLN_1731413129780,MLN,/home/luno/Projects/yellowmaize/data/gold_standard/images/MLN_1731413129780.jpg,0.6494,-1.0,-1.0,True,False,False
MLN_1731492242930,MLN,/home/luno/Projects/yellowmaize/data/gold_standard/images/MLN_1731492242930.jpg,0.51,-1.0,-1.0,True,False,False
MLN_1731509079956,MLN,/home/luno/Projects/yellowmaize/data/gold_standard/images/MLN_1731509079956.jpg,0.6144,-1.0,-1.0,True,False,False
MLN_1731575937195,MLN,/home/luno/Projects/yellowmaize/data/gold_standard/images/MLN_1731575937195.jpg,0.7108,-1.0,-1.0,True,False,False
MLN_1731595635450,MLN,/home/luno/Projects/yellowmaize/data/gold_standard/images/MLN_1731595635450.jpg,0.8461,-1.0,-1.0,False,False,False
MLN_1731649256802,MLN,/home/luno/Projects/yellowmaize/data/gold_standard/images/MLN_1731649256802.jpg,0.7426,-1.0,-1.0,True,False,False
MLN_1732010887974,MLN,/home/luno/Projects/yellowmaize/data/gold_standard/images/MLN_1732010887974.jpg,-1.0,-1.0,-1.0,False,False,False
MLN_Image_1221,MLN,/home/luno/Projects/yellowmaize/data/gold_standard/images/MLN_Image_1221.jpg,0.823,-1.0,-1.0,False,False,False
MLN_Image_1650,MLN,/home/luno/Projects/yellowmaize/data/gold_standard/images/MLN_Image_1650.jpg,0.9807,-1.0,-1.0,False,False,False
MLN_Image_2176,MLN,/home/luno/Projects/yellowmaize/data/gold_standard/images/MLN_Image_2176.jpg,0.9833,-1.0,-1.0,False,False,False
MLN_Image_2515,MLN,/home/luno/Projects/yellowmaize/data/gold_standard/images/MLN_Image_2515.jpg,0.9782,-1.0,-1.0,False,False,False
MLN_Image_2701,MLN,/home/luno/Projects/yellowmaize/data/gold_standard/images/MLN_Image_2701.jpg,0.9736,-1.0,-1.0,False,False,False
MLN_Image_945,MLN,/home/luno/Projects/yellowmaize/data/gold_standard/images/MLN_Image_945.jpg,0.9927,-1.0,-1.0,False,False,False
MLN_MLN_1214,MLN,/home/luno/Projects/yellowmaize/data/gold_standard/images/MLN_MLN_1214.JPEG,0.9822,-1.0,-1.0,False,False,False
MLN_MLN_1637,MLN,/home/luno/Projects/yellowmaize/data/gold_standard/images/MLN_MLN_1637.JPEG,0.8941,-1.0,-1.0,False,False,False
MLN_MLN_2542,MLN,/home/luno/Projects/yellowmaize/data/gold_standard/images/MLN_MLN_2542.JPEG,0.9897,-1.0,-1.0,False,False,False
MLN_MLN_2756,MLN,/home/luno/Projects/yellowmaize/data/gold_standard/images/MLN_MLN_2756.JPEG,0.551,-1.0,-1.0,True,False,False
MSV_1711633931630,MSV,/home/luno/Projects/yellowmaize/data/gold_standard/images/MSV_1711633931630.jpg,0.9924,-1.0,-1.0,False,False,False
MSV_1711960422330,MSV,/home/luno/Projects/yellowmaize/data/gold_standard/images/MSV_1711960422330.jpg,0.7602,-1.0,-1.0,False,False,False
MSV_1712392484861,MSV,/home/luno/Projects/yellowmaize/data/gold_standard/images/MSV_1712392484861.jpg,0.7306,-1.0,-1.0,True,False,False
MSV_1712567780813,MSV,/home/luno/Projects/yellowmaize/data/gold_standard/images/MSV_1712567780813.jpg,0.9732,-1.0,-1.0,False,False,False
MSV_1712657985795,MSV,/home/luno/Projects/yellowmaize/data/gold_standard/images/MSV_1712657985795.jpg,0.9204,-1.0,-1.0,False,False,False
MSV_1712735030376,MSV,/home/luno/Projects/yellowmaize/data/gold_standard/images/MSV_1712735030376.jpg,0.9612,-1.0,-1.0,False,False,False
MSV_1712928724790,MSV,/home/luno/Projects/yellowmaize/data/gold_standard/images/MSV_1712928724790.jpg,0.7485,-1.0,-1.0,True,False,False
MSV_1713010589455,MSV,/home/luno/Projects/yellowmaize/data/gold_standard/images/MSV_1713010589455.jpg,0.3926,-1.0,-1.0,True,False,False
MSV_1713363654939,MSV,/home/luno/Projects/yellowmaize/data/gold_standard/images/MSV_1713363654939.jpg,0.6623,-1.0,-1.0,True,False,False
MSV_1715172953472,MSV,/home/luno/Projects/yellowmaize/data/gold_standard/images/MSV_1715172953472.jpg,0.9172,-1.0,-1.0,False,False,False
MSV_1715179069090,MSV,/home/luno/Projects/yellowmaize/data/gold_standard/images/MSV_1715179069090.jpg,0.9712,-1.0,-1.0,False,False,False
MSV_1715252348737,MSV,/home/luno/Projects/yellowmaize/data/gold_standard/images/MSV_1715252348737.jpg,0.84,-1.0,-1.0,False,False,False
MSV_1715269783796,MSV,/home/luno/Projects/yellowmaize/data/gold_standard/images/MSV_1715269783796.jpg,0.8859,-1.0,-1.0,False,False,False
MSV_1715590825730,MSV,/home/luno/Projects/yellowmaize/data/gold_standard/images/MSV_1715590825730.jpg,0.9372,-1.0,-1.0,False,False,False
MSV_1715591036611,MSV,/home/luno/Projects/yellowmaize/data/gold_standard/images/MSV_1715591036611.jpg,0.9424,-1.0,-1.0,False,False,False
MSV_1715680057865,MSV,/home/luno/Projects/yellowmaize/data/gold_standard/images/MSV_1715680057865.jpg,0.5346,-1.0,-1.0,True,False,False
MSV_1715684947398,MSV,/home/luno/Projects/yellowmaize/data/gold_standard/images/MSV_1715684947398.jpg,0.1682,-1.0,-1.0,True,False,False
MSV_1715759710341,MSV,/home/luno/Projects/yellowmaize/data/gold_standard/images/MSV_1715759710341.jpg,0.8512,-1.0,-1.0,False,False,False
MSV_1715779139884,MSV,/home/luno/Projects/yellowmaize/data/gold_standard/images/MSV_1715779139884.jpg,0.9922,-1.0,-1.0,False,False,False
MSV_1715862224154,MSV,/home/luno/Projects/yellowmaize/data/gold_standard/images/MSV_1715862224154.jpg,0.9184,-1.0,-1.0,False,False,False
MSV_1715865006122,MSV,/home/luno/Projects/yellowmaize/data/gold_standard/images/MSV_1715865006122.jpg,0.9489,-1.0,-1.0,False,False,False
MSV_1715866504708,MSV,/home/luno/Projects/yellowmaize/data/gold_standard/images/MSV_1715866504708.jpg,0.6839,-1.0,-1.0,True,False,False
MSV_1715873498639,MSV,/home/luno/Projects/yellowmaize/data/gold_standard/images/MSV_1715873498639.jpg,0.9537,-1.0,-1.0,False,False,False
MSV_1715873667413,MSV,/home/luno/Projects/yellowmaize/data/gold_standard/images/MSV_1715873667413.jpg,0.8186,-1.0,-1.0,False,False,False
MSV_1715933290204,MSV,/home/luno/Projects/yellowmaize/data/gold_standard/images/MSV_1715933290204.jpg,0.9056,-1.0,-1.0,False,False,False
MSV_1715933790331,MSV,/home/luno/Projects/yellowmaize/data/gold_standard/images/MSV_1715933790331.jpg,0.8989,-1.0,-1.0,False,False,False
MSV_1715933836728,MSV,/home/luno/Projects/yellowmaize/data/gold_standard/images/MSV_1715933836728.jpg,0.9284,-1.0,-1.0,False,False,False
MSV_1715939702030,MSV,/home/luno/Projects/yellowmaize/data/gold_standard/images/MSV_1715939702030.jpg,0.8497,-1.0,-1.0,False,False,False
MSV_1715943281985,MSV,/home/luno/Projects/yellowmaize/data/gold_standard/images/MSV_1715943281985.jpg,0.992,-1.0,-1.0,False,False,False
MSV_1715947171855,MSV,/home/luno/Projects/yellowmaize/data/gold_standard/images/MSV_1715947171855.jpg,0.8833,-1.0,-1.0,False,False,False
MSV_1715949423246,MSV,/home/luno/Projects/yellowmaize/data/gold_standard/images/MSV_1715949423246.jpg,0.9937,-1.0,-1.0,False,False,False
MSV_1716021198394,MSV,/home/luno/Projects/yellowmaize/data/gold_standard/images/MSV_1716021198394.jpg,0.9926,-1.0,-1.0,False,False,False
MSV_1716198304768,MSV,/home/luno/Projects/yellowmaize/data/gold_standard/images/MSV_1716198304768.jpg,0.8813,-1.0,-1.0,False,False,False
MSV_1716207214684,MSV,/home/luno/Projects/yellowmaize/data/gold_standard/images/MSV_1716207214684.jpg,0.9267,-1.0,-1.0,False,False,False
MSV_1716299472913,MSV,/home/luno/Projects/yellowmaize/data/gold_standard/images/MSV_1716299472913.jpg,0.9023,-1.0,-1.0,False,False,False
MSV_1716299632943,MSV,/home/luno/Projects/yellowmaize/data/gold_standard/images/MSV_1716299632943.jpg,0.9201,-1.0,-1.0,False,False,False
MSV_1716362512168,MSV,/home/luno/Projects/yellowmaize/data/gold_standard/images/MSV_1716362512168.jpg,0.7708,-1.0,-1.0,False,False,False
MSV_1716364558730,MSV,/home/luno/Projects/yellowmaize/data/gold_standard/images/MSV_1716364558730.jpg,0.9021,-1.0,-1.0,False,False,False
MSV_1716370762159,MSV,/home/luno/Projects/yellowmaize/data/gold_standard/images/MSV_1716370762159.jpg,0.4124,-1.0,-1.0,True,False,False
MSV_1716382510255,MSV,/home/luno/Projects/yellowmaize/data/gold_standard/images/MSV_1716382510255.jpg,0.8684,-1.0,-1.0,False,False,False
MSV_1716449699927,MSV,/home/luno/Projects/yellowmaize/data/gold_standard/images/MSV_1716449699927.jpg,0.9791,-1.0,-1.0,False,False,False
MSV_1716452716733,MSV,/home/luno/Projects/yellowmaize/data/gold_standard/images/MSV_1716452716733.jpg,0.9256,-1.0,-1.0,False,False,False
MSV_1716457793391,MSV,/home/luno/Projects/yellowmaize/data/gold_standard/images/MSV_1716457793391.jpg,0.8798,-1.0,-1.0,False,False,False
MSV_1716463657443,MSV,/home/luno/Projects/yellowmaize/data/gold_standard/images/MSV_1716463657443.jpg,0.8345,-1.0,-1.0,False,False,False
MSV_1716536575579,MSV,/home/luno/Projects/yellowmaize/data/gold_standard/images/MSV_1716536575579.jpg,0.8858,-1.0,-1.0,False,False,False
MSV_1716790459748,MSV,/home/luno/Projects/yellowmaize/data/gold_standard/images/MSV_1716790459748.jpg,0.9912,-1.0,-1.0,False,False,False
MSV_1716790744978,MSV,/home/luno/Projects/yellowmaize/data/gold_standard/images/MSV_1716790744978.jpg,0.6404,-1.0,-1.0,True,False,False
MSV_1716795719955,MSV,/home/luno/Projects/yellowmaize/data/gold_standard/images/MSV_1716795719955.jpg,0.8506,-1.0,-1.0,False,False,False
MSV_1716799036821,MSV,/home/luno/Projects/yellowmaize/data/gold_standard/images/MSV_1716799036821.jpg,0.9305,-1.0,-1.0,False,False,False
MSV_1716799200785,MSV,/home/luno/Projects/yellowmaize/data/gold_standard/images/MSV_1716799200785.jpg,0.9128,-1.0,-1.0,False,False,False
MSV_1716804946408,MSV,/home/luno/Projects/yellowmaize/data/gold_standard/images/MSV_1716804946408.jpg,0.9284,-1.0,-1.0,False,False,False
MSV_1716808473374,MSV,/home/luno/Projects/yellowmaize/data/gold_standard/images/MSV_1716808473374.jpg,0.7235,-1.0,-1.0,True,False,False
MSV_1716815734688,MSV,/home/luno/Projects/yellowmaize/data/gold_standard/images/MSV_1716815734688.jpg,0.8688,-1.0,-1.0,False,False,False
MSV_1718710946379,MSV,/home/luno/Projects/yellowmaize/data/gold_standard/images/MSV_1718710946379.jpg,0.8457,-1.0,-1.0,False,False,False
MSV_1718870213988,MSV,/home/luno/Projects/yellowmaize/data/gold_standard/images/MSV_1718870213988.jpg,0.5638,-1.0,-1.0,True,False,False
MSV_1718872800727,MSV,/home/luno/Projects/yellowmaize/data/gold_standard/images/MSV_1718872800727.jpg,0.8451,-1.0,-1.0,False,False,False
MSV_1718884582107,MSV,/home/luno/Projects/yellowmaize/data/gold_standard/images/MSV_1718884582107.jpg,0.992,-1.0,-1.0,False,False,False
MSV_1718884669989,MSV,/home/luno/Projects/yellowmaize/data/gold_standard/images/MSV_1718884669989.jpg,0.9897,-1.0,-1.0,False,False,False
MSV_1718953871097,MSV,/home/luno/Projects/yellowmaize/data/gold_standard/images/MSV_1718953871097.jpg,0.7366,-1.0,-1.0,True,False,False
MSV_1719040383019,MSV,/home/luno/Projects/yellowmaize/data/gold_standard/images/MSV_1719040383019.jpg,0.9418,-1.0,-1.0,False,False,False
MSV_1719053913727,MSV,/home/luno/Projects/yellowmaize/data/gold_standard/images/MSV_1719053913727.jpg,0.9589,-1.0,-1.0,False,False,False
MSV_1719309232645,MSV,/home/luno/Projects/yellowmaize/data/gold_standard/images/MSV_1719309232645.jpg,0.9403,-1.0,-1.0,False,False,False
MSV_1719322264481,MSV,/home/luno/Projects/yellowmaize/data/gold_standard/images/MSV_1719322264481.jpg,0.9376,-1.0,-1.0,False,False,False
MSV_1719399793802,MSV,/home/luno/Projects/yellowmaize/data/gold_standard/images/MSV_1719399793802.jpg,0.7975,-1.0,-1.0,False,False,False
MSV_1719411264455,MSV,/home/luno/Projects/yellowmaize/data/gold_standard/images/MSV_1719411264455.jpg,0.8395,-1.0,-1.0,False,False,False
MSV_1719565721560,MSV,/home/luno/Projects/yellowmaize/data/gold_standard/images/MSV_1719565721560.jpg,0.8389,-1.0,-1.0,False,False,False
MSV_1719910881621,MSV,/home/luno/Projects/yellowmaize/data/gold_standard/images/MSV_1719910881621.jpg,0.9669,-1.0,-1.0,False,False,False
MSV_1720001524196,MSV,/home/luno/Projects/yellowmaize/data/gold_standard/images/MSV_1720001524196.jpg,0.9118,-1.0,-1.0,False,False,False
MSV_1720004701994,MSV,/home/luno/Projects/yellowmaize/data/gold_standard/images/MSV_1720004701994.jpg,0.66,-1.0,-1.0,True,False,False
MSV_1720083412680,MSV,/home/luno/Projects/yellowmaize/data/gold_standard/images/MSV_1720083412680.jpg,0.8309,-1.0,-1.0,False,False,False
MSV_1720185863115,MSV,/home/luno/Projects/yellowmaize/data/gold_standard/images/MSV_1720185863115.jpg,0.7274,-1.0,-1.0,True,False,False
MSV_1720191520107,MSV,/home/luno/Projects/yellowmaize/data/gold_standard/images/MSV_1720191520107.jpg,0.9333,-1.0,-1.0,False,False,False
MSV_1720507731052,MSV,/home/luno/Projects/yellowmaize/data/gold_standard/images/MSV_1720507731052.jpg,0.0193,-1.0,-1.0,True,False,False
MSV_1720612226449,MSV,/home/luno/Projects/yellowmaize/data/gold_standard/images/MSV_1720612226449.jpg,0.0,-1.0,-1.0,True,False,False
MSV_1720617317436,MSV,/home/luno/Projects/yellowmaize/data/gold_standard/images/MSV_1720617317436.jpg,0.9884,-1.0,-1.0,False,False,False
MSV_1721736648522,MSV,/home/luno/Projects/yellowmaize/data/gold_standard/images/MSV_1721736648522.jpg,0.7467,-1.0,-1.0,True,False,False
MSV_Image_1747,MSV,/home/luno/Projects/yellowmaize/data/gold_standard/images/MSV_Image_1747.jpg,0.9886,-1.0,-1.0,False,False,False
MSV_Image_1912,MSV,/home/luno/Projects/yellowmaize/data/gold_standard/images/MSV_Image_1912.jpg,0.9914,-1.0,-1.0,False,False,False
MSV_Image_2403,MSV,/home/luno/Projects/yellowmaize/data/gold_standard/images/MSV_Image_2403.jpg,-1.0,-1.0,-1.0,False,False,False
MSV_Image_2844,MSV,/home/luno/Projects/yellowmaize/data/gold_standard/images/MSV_Image_2844.jpg,0.9551,-1.0,-1.0,False,False,False
MSV_Image_3143,MSV,/home/luno/Projects/yellowmaize/data/gold_standard/images/MSV_Image_3143.jpg,0.9898,-1.0,-1.0,False,False,False
MSV_Image_3368,MSV,/home/luno/Projects/yellowmaize/data/gold_standard/images/MSV_Image_3368.jpg,0.9897,-1.0,-1.0,False,False,False
MSV_Image_3591,MSV,/home/luno/Projects/yellowmaize/data/gold_standard/images/MSV_Image_3591.jpg,0.9926,-1.0,-1.0,False,False,False
MSV_Image_3721,MSV,/home/luno/Projects/yellowmaize/data/gold_standard/images/MSV_Image_3721.jpg,0.9839,-1.0,-1.0,False,False,False
MSV_Image_3810,MSV,/home/luno/Projects/yellowmaize/data/gold_standard/images/MSV_Image_3810.jpg,0.99,-1.0,-1.0,False,False,False
MSV_Image_4947,MSV,/home/luno/Projects/yellowmaize/data/gold_standard/images/MSV_Image_4947.jpg,-1.0,-1.0,-1.0,False,False,False
MSV_Image_4951,MSV,/home/luno/Projects/yellowmaize/data/gold_standard/images/MSV_Image_4951.jpg,-1.0,-1.0,-1.0,False,False,False
MSV_Image_5363,MSV,/home/luno/Projects/yellowmaize/data/gold_standard/images/MSV_Image_5363.jpg,0.9894,-1.0,-1.0,False,False,False
MSV_Image_5816,MSV,/home/luno/Projects/yellowmaize/data/gold_standard/images/MSV_Image_5816.jpg,0.9777,-1.0,-1.0,False,False,False
MSV_Image_5966,MSV,/home/luno/Projects/yellowmaize/data/gold_standard/images/MSV_Image_5966.jpg,-1.0,-1.0,-1.0,False,False,False
MSV_Image_6148,MSV,/home/luno/Projects/yellowmaize/data/gold_standard/images/MSV_Image_6148.jpg,0.413,-1.0,-1.0,True,False,False
MSV_Image_766,MSV,/home/luno/Projects/yellowmaize/data/gold_standard/images/MSV_Image_766.jpg,0.9878,-1.0,-1.0,False,False,False
MSV_Image_836,MSV,/home/luno/Projects/yellowmaize/data/gold_standard/images/MSV_Image_836.jpg,0.9341,-1.0,-1.0,False,False,False
MSV_MSV_205,MSV,/home/luno/Projects/yellowmaize/data/gold_standard/images/MSV_MSV_205.JPEG,0.6574,-1.0,-1.0,True,False,False
MSV_MSV_2066,MSV,/home/luno/Projects/yellowmaize/data/gold_standard/images/MSV_MSV_2066.JPEG,0.5134,-1.0,-1.0,True,False,False
MSV_MSV_2079,MSV,/home/luno/Projects/yellowmaize/data/gold_standard/images/MSV_MSV_2079.JPEG,0.5404,-1.0,-1.0,True,False,False
MSV_MSV_2162,MSV,/home/luno/Projects/yellowmaize/data/gold_standard/images/MSV_MSV_2162.JPEG,0.9833,-1.0,-1.0,False,False,False
MSV_MSV_22,MSV,/home/luno/Projects/yellowmaize/data/gold_standard/images/MSV_MSV_22.JPEG,0.9881,-1.0,-1.0,False,False,False
MSV_MSV_2301,MSV,/home/luno/Projects/yellowmaize/data/gold_standard/images/MSV_MSV_2301.JPEG,0.9902,-1.0,-1.0,False,False,False
MSV_MSV_2387,MSV,/home/luno/Projects/yellowmaize/data/gold_standard/images/MSV_MSV_2387.JPEG,0.9493,-1.0,-1.0,False,False,False
