path,category,flag,width,height,mode,file_size_kb
/home/luno/Projects/yellowmaize/maize_dataset/HEALTHY/1715251370652.jpg,HEALTHY,low_green:0.038,1000,750,RGB,82.0
/home/luno/Projects/yellowmaize/maize_dataset/HEALTHY/1715251406598.jpg,HEALTHY,low_green:0.038,1000,750,RGB,82.0
/home/luno/Projects/yellowmaize/maize_dataset/HEALTHY/1718440406277.jpg,HEALTHY,low_green:0.045,1000,750,RGB,155.8
/home/luno/Projects/yellowmaize/maize_dataset/HEALTHY/1718443092081.jpg,HEALTHY,low_green:0.043,1000,750,RGB,112.4
/home/luno/Projects/yellowmaize/maize_dataset/HEALTHY/1718443191406.jpg,HEALTHY,low_green:0.033,1000,750,RGB,80.3
/home/luno/Projects/yellowmaize/maize_dataset/HEALTHY/1718797258665.jpg,HEALTHY,low_green:0.037,1000,750,RGB,75.6
/home/luno/Projects/yellowmaize/maize_dataset/HEALTHY/1718800197501.jpg,HEALTHY,low_green:0.048,1000,750,RGB,174.3
/home/luno/Projects/yellowmaize/maize_dataset/HEALTHY/1718800157803.jpg,HEALTHY,low_green:0.048,1000,750,RGB,174.3
/home/luno/Projects/yellowmaize/maize_dataset/HEALTHY/1719043697727.jpg,HEALTHY,low_green:0.039,750,1000,RGB,131.9
/home/luno/Projects/yellowmaize/maize_dataset/HEALTHY/1719305306925.jpg,HEALTHY,low_green:0.048,750,1000,RGB,126.4
/home/luno/Projects/yellowmaize/maize_dataset/HEALTHY/1719305394881.jpg,HEALTHY,low_green:0.048,750,1000,RGB,126.4
/home/luno/Projects/yellowmaize/maize_dataset/HEALTHY/1719305434844.jpg,HEALTHY,low_green:0.048,750,1000,RGB,126.4
/home/luno/Projects/yellowmaize/maize_dataset/HEALTHY/1719305461837.jpg,HEALTHY,low_green:0.037,750,1000,RGB,83.0
/home/luno/Projects/yellowmaize/maize_dataset/HEALTHY/1719305490680.jpg,HEALTHY,low_green:0.046,750,1000,RGB,101.0
/home/luno/Projects/yellowmaize/maize_dataset/HEALTHY/1719305583240.jpg,HEALTHY,low_green:0.046,750,1000,RGB,101.0
/home/luno/Projects/yellowmaize/maize_dataset/HEALTHY/1719305932526.jpg,HEALTHY,low_green:0.037,750,1000,RGB,83.0
/home/luno/Projects/yellowmaize/maize_dataset/HEALTHY/1719305899987.jpg,HEALTHY,low_green:0.048,750,1000,RGB,126.4
/home/luno/Projects/yellowmaize/maize_dataset/HEALTHY/1719305851722.jpg,HEALTHY,low_green:0.048,750,1000,RGB,126.4
/home/luno/Projects/yellowmaize/maize_dataset/HEALTHY/1719305957472.jpg,HEALTHY,low_green:0.046,750,1000,RGB,101.0
/home/luno/Projects/yellowmaize/maize_dataset/HEALTHY/1719395438557.jpg,HEALTHY,low_green:0.042,750,1000,RGB,120.5
/home/luno/Projects/yellowmaize/maize_dataset/HEALTHY/1719655450486.jpg,HEALTHY,low_green:0.015,750,1000,RGB,100.0
/home/luno/Projects/yellowmaize/maize_dataset/HEALTHY/1719655555292.jpg,HEALTHY,low_green:0.022,750,1000,RGB,88.5
/home/luno/Projects/yellowmaize/maize_dataset/HEALTHY/1719655676162.jpg,HEALTHY,low_green:0.021,750,1000,RGB,105.9
/home/luno/Projects/yellowmaize/maize_dataset/HEALTHY/1719655706877.jpg,HEALTHY,low_green:0.021,750,1000,RGB,105.9
/home/luno/Projects/yellowmaize/maize_dataset/HEALTHY/1719655804401.jpg,HEALTHY,low_green:0.037,750,1000,RGB,105.8
/home/luno/Projects/yellowmaize/maize_dataset/HEALTHY/1719655835782.jpg,HEALTHY,low_green:0.030,750,1000,RGB,119.8
/home/luno/Projects/yellowmaize/maize_dataset/HEALTHY/1719823283363.jpg,HEALTHY,low_green:0.044,750,1000,RGB,110.1
/home/luno/Projects/yellowmaize/maize_dataset/HEALTHY/1719823321556.jpg,HEALTHY,low_green:0.044,750,1000,RGB,110.1
/home/luno/Projects/yellowmaize/maize_dataset/HEALTHY/1719823393518.jpg,HEALTHY,low_green:0.043,750,1000,RGB,93.1
/home/luno/Projects/yellowmaize/maize_dataset/HEALTHY/1719823445302.jpg,HEALTHY,low_green:0.050,750,1000,RGB,102.7
/home/luno/Projects/yellowmaize/maize_dataset/HEALTHY/1719823544426.jpg,HEALTHY,low_green:0.050,750,1000,RGB,102.7
/home/luno/Projects/yellowmaize/maize_dataset/HEALTHY/1719824895446.jpg,HEALTHY,low_green:0.030,750,1000,RGB,137.1
/home/luno/Projects/yellowmaize/maize_dataset/HEALTHY/1719826208579.jpg,HEALTHY,low_green:0.049,750,1000,RGB,115.1
/home/luno/Projects/yellowmaize/maize_dataset/HEALTHY/1719826229784.jpg,HEALTHY,low_green:0.049,750,1000,RGB,115.1
/home/luno/Projects/yellowmaize/maize_dataset/HEALTHY/1719917568600.jpg,HEALTHY,low_green:0.046,750,1000,RGB,107.4
/home/luno/Projects/yellowmaize/maize_dataset/HEALTHY/1719917486313.jpg,HEALTHY,low_green:0.046,750,1000,RGB,107.4
/home/luno/Projects/yellowmaize/maize_dataset/HEALTHY/1719917785502.jpg,HEALTHY,low_green:0.034,750,1000,RGB,91.5
/home/luno/Projects/yellowmaize/maize_dataset/HEALTHY/1719919041148.jpg,HEALTHY,low_green:0.044,1000,750,RGB,78.5
/home/luno/Projects/yellowmaize/maize_dataset/HEALTHY/1719919717904.jpg,HEALTHY,low_green:0.044,1000,750,RGB,78.5
/home/luno/Projects/yellowmaize/maize_dataset/HEALTHY/1719923659614.jpg,HEALTHY,low_green:0.044,750,1000,RGB,94.5
/home/luno/Projects/yellowmaize/maize_dataset/HEALTHY/1719923673463.jpg,HEALTHY,low_green:0.012,750,1000,RGB,82.0
/home/luno/Projects/yellowmaize/maize_dataset/HEALTHY/1720081142630.jpg,HEALTHY,low_green:0.045,1000,750,RGB,89.6
/home/luno/Projects/yellowmaize/maize_dataset/HEALTHY/1721905488632.jpg,HEALTHY,low_green:0.039,750,1000,RGB,85.4
/home/luno/Projects/yellowmaize/maize_dataset/HEALTHY/Image_1116.jpg,HEALTHY,low_green:0.011,480,640,RGB,207.8
/home/luno/Projects/yellowmaize/maize_dataset/HEALTHY/Image_1117.jpg,HEALTHY,low_green:0.009,480,640,RGB,245.8
/home/luno/Projects/yellowmaize/maize_dataset/HEALTHY/Image_113.jpg,HEALTHY,low_green:0.001,640,480,RGB,228.0
/home/luno/Projects/yellowmaize/maize_dataset/HEALTHY/Image_1141.jpg,HEALTHY,low_green:0.014,480,640,RGB,231.9
/home/luno/Projects/yellowmaize/maize_dataset/HEALTHY/Image_1143.jpg,HEALTHY,low_green:0.036,640,480,RGB,211.6
/home/luno/Projects/yellowmaize/maize_dataset/HEALTHY/Image_1493.jpg,HEALTHY,low_green:0.022,640,480,RGB,226.3
/home/luno/Projects/yellowmaize/maize_dataset/HEALTHY/Image_2315.jpg,HEALTHY,low_green:0.022,480,640,RGB,245.5
/home/luno/Projects/yellowmaize/maize_dataset/HEALTHY/Image_2402.jpg,HEALTHY,low_green:0.001,480,640,RGB,227.8
/home/luno/Projects/yellowmaize/maize_dataset/HEALTHY/Image_2455.jpg,HEALTHY,low_green:0.014,480,640,RGB,236.0
/home/luno/Projects/yellowmaize/maize_dataset/HEALTHY/Image_2537.jpg,HEALTHY,low_green:0.003,480,640,RGB,221.7
/home/luno/Projects/yellowmaize/maize_dataset/HEALTHY/Image_2541.jpg,HEALTHY,low_green:0.037,480,640,RGB,235.8
/home/luno/Projects/yellowmaize/maize_dataset/HEALTHY/Image_2593.jpg,HEALTHY,low_green:0.013,480,640,RGB,255.3
/home/luno/Projects/yellowmaize/maize_dataset/HEALTHY/Image_2594.jpg,HEALTHY,low_green:0.026,480,640,RGB,255.0
/home/luno/Projects/yellowmaize/maize_dataset/HEALTHY/Image_286.jpg,HEALTHY,low_green:0.000,640,480,RGB,198.8
/home/luno/Projects/yellowmaize/maize_dataset/HEALTHY/Image_3039.jpg,HEALTHY,low_green:0.011,480,640,RGB,231.3
/home/luno/Projects/yellowmaize/maize_dataset/HEALTHY/Image_3162.jpg,HEALTHY,low_green:0.012,640,480,RGB,239.1
/home/luno/Projects/yellowmaize/maize_dataset/HEALTHY/Image_3179.jpg,HEALTHY,low_green:0.016,480,640,RGB,226.4
/home/luno/Projects/yellowmaize/maize_dataset/HEALTHY/Image_3402.jpg,HEALTHY,low_green:0.018,480,640,RGB,246.7
/home/luno/Projects/yellowmaize/maize_dataset/HEALTHY/Image_3845.jpg,HEALTHY,low_green:0.013,640,480,RGB,242.8
/home/luno/Projects/yellowmaize/maize_dataset/HEALTHY/Image_3856.jpg,HEALTHY,low_green:0.003,640,480,RGB,230.3
/home/luno/Projects/yellowmaize/maize_dataset/HEALTHY/Image_3868.jpg,HEALTHY,low_green:0.020,640,480,RGB,251.3
/home/luno/Projects/yellowmaize/maize_dataset/HEALTHY/Image_3914.jpg,HEALTHY,low_green:0.001,640,480,RGB,234.4
/home/luno/Projects/yellowmaize/maize_dataset/HEALTHY/Image_3969.jpg,HEALTHY,low_green:0.023,480,640,RGB,243.5
/home/luno/Projects/yellowmaize/maize_dataset/HEALTHY/Image_3985.jpg,HEALTHY,low_green:0.010,640,480,RGB,234.5
/home/luno/Projects/yellowmaize/maize_dataset/HEALTHY/Image_3990.jpg,HEALTHY,low_green:0.002,480,640,RGB,245.2
/home/luno/Projects/yellowmaize/maize_dataset/HEALTHY/Image_4018.jpg,HEALTHY,low_green:0.002,640,480,RGB,245.6
/home/luno/Projects/yellowmaize/maize_dataset/HEALTHY/Image_4032.jpg,HEALTHY,low_green:0.012,640,480,RGB,256.5
/home/luno/Projects/yellowmaize/maize_dataset/HEALTHY/Image_4059.jpg,HEALTHY,low_green:0.002,480,640,RGB,264.1
/home/luno/Projects/yellowmaize/maize_dataset/HEALTHY/Image_4056.jpg,HEALTHY,low_green:0.030,640,480,RGB,266.7
/home/luno/Projects/yellowmaize/maize_dataset/HEALTHY/Image_4114.jpg,HEALTHY,low_green:0.001,480,640,RGB,247.8
/home/luno/Projects/yellowmaize/maize_dataset/HEALTHY/Image_4212.jpg,HEALTHY,low_green:0.030,480,640,RGB,244.1
/home/luno/Projects/yellowmaize/maize_dataset/HEALTHY/Image_4233.jpg,HEALTHY,low_green:0.014,480,640,RGB,258.3
/home/luno/Projects/yellowmaize/maize_dataset/HEALTHY/Image_4236.jpg,HEALTHY,low_green:0.011,480,640,RGB,238.1
/home/luno/Projects/yellowmaize/maize_dataset/HEALTHY/Image_4298.jpg,HEALTHY,low_green:0.043,480,640,RGB,234.8
/home/luno/Projects/yellowmaize/maize_dataset/HEALTHY/Image_481.jpg,HEALTHY,low_green:0.017,480,640,RGB,249.3
/home/luno/Projects/yellowmaize/maize_dataset/HEALTHY/Image_5029.jpg,HEALTHY,low_green:0.027,480,640,RGB,222.0
/home/luno/Projects/yellowmaize/maize_dataset/HEALTHY/Image_514.jpg,HEALTHY,low_green:0.012,480,640,RGB,223.8
/home/luno/Projects/yellowmaize/maize_dataset/HEALTHY/Image_943.jpg,HEALTHY,low_green:0.005,480,640,RGB,241.5
/home/luno/Projects/yellowmaize/maize_dataset/HEALTHY/Image_958.jpg,HEALTHY,low_green:0.039,640,480,RGB,227.8
/home/luno/Projects/yellowmaize/maize_dataset/HEALTHY/Image_963.jpg,HEALTHY,low_green:0.028,640,480,RGB,255.0
/home/luno/Projects/yellowmaize/maize_dataset/HEALTHY/Image_972.jpg,HEALTHY,low_green:0.004,640,480,RGB,244.2
/home/luno/Projects/yellowmaize/maize_dataset/HEALTHY/Image_969.jpg,HEALTHY,low_green:0.041,640,480,RGB,262.5
/home/luno/Projects/yellowmaize/maize_dataset/HEALTHY/Image_974.jpg,HEALTHY,low_green:0.013,640,480,RGB,240.3
/home/luno/Projects/yellowmaize/maize_dataset/HEALTHY/Image_994.jpg,HEALTHY,low_green:0.004,640,480,RGB,247.0
/home/luno/Projects/yellowmaize/maize_dataset/MSV/1718447093034.jpg,MSV,low_green:0.048,1000,750,RGB,118.8
/home/luno/Projects/yellowmaize/maize_dataset/MSV/1718446974077.jpg,MSV,low_green:0.033,1000,750,RGB,143.8
/home/luno/Projects/yellowmaize/maize_dataset/MSV/1718447127689.jpg,MSV,low_green:0.048,1000,750,RGB,118.8
/home/luno/Projects/yellowmaize/maize_dataset/MSV/1718447386792.jpg,MSV,low_green:0.033,1000,750,RGB,124.8
/home/luno/Projects/yellowmaize/maize_dataset/MSV/1718447233248.jpg,MSV,low_green:0.048,1000,750,RGB,118.8
/home/luno/Projects/yellowmaize/maize_dataset/MSV/1718447282028.jpg,MSV,low_green:0.033,1000,750,RGB,124.8
/home/luno/Projects/yellowmaize/maize_dataset/MSV/1718447935647.jpg,MSV,low_green:0.036,1000,750,RGB,131.6
/home/luno/Projects/yellowmaize/maize_dataset/MSV/1718451531239.jpg,MSV,low_green:0.016,750,1000,RGB,100.9
/home/luno/Projects/yellowmaize/maize_dataset/MSV/1718451614682.jpg,MSV,low_green:0.029,750,1000,RGB,115.6
/home/luno/Projects/yellowmaize/maize_dataset/MSV/1718451750318.jpg,MSV,low_green:0.037,1000,750,RGB,108.9
/home/luno/Projects/yellowmaize/maize_dataset/MSV/1718455094632.jpg,MSV,low_green:0.040,750,1000,RGB,187.7
/home/luno/Projects/yellowmaize/maize_dataset/MSV/1718458405643.jpg,MSV,low_green:0.047,1000,750,RGB,111.7
/home/luno/Projects/yellowmaize/maize_dataset/MSV/1718459354925.jpg,MSV,low_green:0.028,1000,750,RGB,164.0
/home/luno/Projects/yellowmaize/maize_dataset/MSV/1718459857049.jpg,MSV,low_green:0.032,1000,750,RGB,149.7
/home/luno/Projects/yellowmaize/maize_dataset/MSV/1718790830973.jpg,MSV,low_green:0.022,750,1000,RGB,151.1
/home/luno/Projects/yellowmaize/maize_dataset/MSV/1718791009474.jpg,MSV,low_green:0.031,750,1000,RGB,119.9
/home/luno/Projects/yellowmaize/maize_dataset/MSV/1718791366429.jpg,MSV,low_green:0.020,750,1000,RGB,162.7
/home/luno/Projects/yellowmaize/maize_dataset/MSV/1718791417446.jpg,MSV,low_green:0.022,750,1000,RGB,112.4
/home/luno/Projects/yellowmaize/maize_dataset/MSV/1718808310598.jpg,MSV,low_green:0.031,750,1000,RGB,114.6
/home/luno/Projects/yellowmaize/maize_dataset/MSV/1718876955417.jpg,MSV,low_green:0.042,750,1000,RGB,220.3
/home/luno/Projects/yellowmaize/maize_dataset/MSV/1718884553429.jpg,MSV,low_green:0.001,750,1000,RGB,131.6
/home/luno/Projects/yellowmaize/maize_dataset/MSV/1718961987137.jpg,MSV,low_green:0.042,1000,750,RGB,132.8
/home/luno/Projects/yellowmaize/maize_dataset/MSV/1718962007387.jpg,MSV,low_green:0.042,1000,750,RGB,132.8
/home/luno/Projects/yellowmaize/maize_dataset/MSV/1718962138586.jpg,MSV,low_green:0.034,1000,750,RGB,160.2
/home/luno/Projects/yellowmaize/maize_dataset/MSV/1718962629683.jpg,MSV,low_green:0.046,750,1000,RGB,114.9
/home/luno/Projects/yellowmaize/maize_dataset/MSV/1718963006024.jpg,MSV,low_green:0.030,750,1000,RGB,101.9
/home/luno/Projects/yellowmaize/maize_dataset/MSV/1718963339140.jpg,MSV,low_green:0.041,750,1000,RGB,139.3
/home/luno/Projects/yellowmaize/maize_dataset/MSV/1718963409629.jpg,MSV,low_green:0.042,750,1000,RGB,154.2
/home/luno/Projects/yellowmaize/maize_dataset/MSV/1718964034762.jpg,MSV,low_green:0.043,750,1000,RGB,193.9
/home/luno/Projects/yellowmaize/maize_dataset/MSV/1718964134531.jpg,MSV,low_green:0.033,750,1000,RGB,138.2
/home/luno/Projects/yellowmaize/maize_dataset/MSV/1718964240919.jpg,MSV,low_green:0.044,750,1000,RGB,149.7
/home/luno/Projects/yellowmaize/maize_dataset/MSV/1718964271280.jpg,MSV,low_green:0.048,750,1000,RGB,166.1
/home/luno/Projects/yellowmaize/maize_dataset/MSV/1719043207588.jpg,MSV,low_green:0.010,750,1000,RGB,144.2
/home/luno/Projects/yellowmaize/maize_dataset/MSV/1719391558491.jpg,MSV,low_green:0.040,750,1000,RGB,154.7
/home/luno/Projects/yellowmaize/maize_dataset/MSV/1719391694336.jpg,MSV,low_green:0.040,750,1000,RGB,154.7
/home/luno/Projects/yellowmaize/maize_dataset/MSV/1719392353298.jpg,MSV,low_green:0.040,750,1000,RGB,154.7
/home/luno/Projects/yellowmaize/maize_dataset/MSV/1719392430115.jpg,MSV,low_green:0.037,750,1000,RGB,151.5
/home/luno/Projects/yellowmaize/maize_dataset/MSV/1719571740747.jpg,MSV,low_green:0.037,1000,750,RGB,124.5
/home/luno/Projects/yellowmaize/maize_dataset/MSV/1719573372551.jpg,MSV,low_green:0.045,1000,750,RGB,160.5
/home/luno/Projects/yellowmaize/maize_dataset/MSV/1719573420848.jpg,MSV,low_green:0.045,1000,750,RGB,160.5
/home/luno/Projects/yellowmaize/maize_dataset/MSV/1719573810657.jpg,MSV,low_green:0.050,750,1000,RGB,190.3
/home/luno/Projects/yellowmaize/maize_dataset/MSV/1719824827335.jpg,MSV,low_green:0.027,750,1000,RGB,154.8
/home/luno/Projects/yellowmaize/maize_dataset/MSV/1719824932315.jpg,MSV,low_green:0.035,750,1000,RGB,142.7
/home/luno/Projects/yellowmaize/maize_dataset/MSV/1719824727176.jpg,MSV,low_green:0.017,750,1000,RGB,141.7
/home/luno/Projects/yellowmaize/maize_dataset/MSV/1719825116743.jpg,MSV,low_green:0.035,750,1000,RGB,142.7
/home/luno/Projects/yellowmaize/maize_dataset/MSV/1719825196472.jpg,MSV,low_green:0.041,750,1000,RGB,151.7
/home/luno/Projects/yellowmaize/maize_dataset/MSV/1719825251129.jpg,MSV,low_green:0.041,750,1000,RGB,151.7
/home/luno/Projects/yellowmaize/maize_dataset/MSV/1719825373374.jpg,MSV,low_green:0.028,750,1000,RGB,144.6
/home/luno/Projects/yellowmaize/maize_dataset/MSV/1719825432336.jpg,MSV,low_green:0.022,750,1000,RGB,153.5
/home/luno/Projects/yellowmaize/maize_dataset/MSV/1719825408655.jpg,MSV,low_green:0.027,750,1000,RGB,156.0
/home/luno/Projects/yellowmaize/maize_dataset/MSV/1719825491849.jpg,MSV,low_green:0.026,750,1000,RGB,142.6
/home/luno/Projects/yellowmaize/maize_dataset/MSV/1719825535999.jpg,MSV,low_green:0.037,750,1000,RGB,162.3
/home/luno/Projects/yellowmaize/maize_dataset/MSV/1719825592527.jpg,MSV,low_green:0.012,750,1000,RGB,113.8
/home/luno/Projects/yellowmaize/maize_dataset/MSV/1719825658306.jpg,MSV,low_green:0.037,750,1000,RGB,162.3
/home/luno/Projects/yellowmaize/maize_dataset/MSV/1719825703135.jpg,MSV,low_green:0.020,750,1000,RGB,121.8
/home/luno/Projects/yellowmaize/maize_dataset/MSV/1719828241750.jpg,MSV,low_green:0.040,750,1000,RGB,130.9
/home/luno/Projects/yellowmaize/maize_dataset/MSV/1719828768082.jpg,MSV,low_green:0.033,750,1000,RGB,159.8
/home/luno/Projects/yellowmaize/maize_dataset/MSV/1719905248001.jpg,MSV,low_green:0.048,1000,750,RGB,103.2
/home/luno/Projects/yellowmaize/maize_dataset/MSV/1719906689056.jpg,MSV,low_green:0.046,750,1000,RGB,128.5
/home/luno/Projects/yellowmaize/maize_dataset/MSV/1719909241842.jpg,MSV,low_green:0.011,1000,750,RGB,134.7
/home/luno/Projects/yellowmaize/maize_dataset/MSV/1719909201202.jpg,MSV,low_green:0.011,1000,750,RGB,134.7
/home/luno/Projects/yellowmaize/maize_dataset/MSV/1719910403738.jpg,MSV,low_green:0.042,750,1000,RGB,131.0
/home/luno/Projects/yellowmaize/maize_dataset/MSV/1719910439187.jpg,MSV,low_green:0.042,750,1000,RGB,131.0
/home/luno/Projects/yellowmaize/maize_dataset/MSV/1719911236177.jpg,MSV,low_green:0.044,1000,750,RGB,145.6
/home/luno/Projects/yellowmaize/maize_dataset/MSV/1719911898706.jpg,MSV,low_green:0.023,750,1000,RGB,124.6
/home/luno/Projects/yellowmaize/maize_dataset/MSV/1719912196432.jpg,MSV,low_green:0.030,1000,750,RGB,109.4
/home/luno/Projects/yellowmaize/maize_dataset/MSV/1719912278662.jpg,MSV,low_green:0.050,1000,750,RGB,146.1
/home/luno/Projects/yellowmaize/maize_dataset/MSV/1719912318855.jpg,MSV,low_green:0.050,1000,750,RGB,146.1
/home/luno/Projects/yellowmaize/maize_dataset/MSV/1719912669448.jpg,MSV,low_green:0.021,1000,750,RGB,124.9
/home/luno/Projects/yellowmaize/maize_dataset/MSV/1719912837596.jpg,MSV,low_green:0.021,1000,750,RGB,124.9
/home/luno/Projects/yellowmaize/maize_dataset/MSV/1719912739103.jpg,MSV,low_green:0.021,1000,750,RGB,124.9
/home/luno/Projects/yellowmaize/maize_dataset/MSV/1719912871920.jpg,MSV,low_green:0.021,1000,750,RGB,124.9
/home/luno/Projects/yellowmaize/maize_dataset/MSV/1719913668260.jpg,MSV,low_green:0.021,750,1000,RGB,93.3
/home/luno/Projects/yellowmaize/maize_dataset/MSV/1719913706041.jpg,MSV,low_green:0.028,750,1000,RGB,97.7
/home/luno/Projects/yellowmaize/maize_dataset/MSV/1719913728552.jpg,MSV,low_green:0.046,1000,750,RGB,127.6
/home/luno/Projects/yellowmaize/maize_dataset/MSV/1719913820143.jpg,MSV,low_green:0.014,750,1000,RGB,106.9
/home/luno/Projects/yellowmaize/maize_dataset/MSV/1719914974125.jpg,MSV,low_green:0.042,750,1000,RGB,140.1
/home/luno/Projects/yellowmaize/maize_dataset/MSV/1719915015203.jpg,MSV,low_green:0.044,750,1000,RGB,125.0
/home/luno/Projects/yellowmaize/maize_dataset/MSV/1719915056880.jpg,MSV,low_green:0.038,750,1000,RGB,136.8
/home/luno/Projects/yellowmaize/maize_dataset/MSV/1719915035338.jpg,MSV,low_green:0.032,750,1000,RGB,150.1
/home/luno/Projects/yellowmaize/maize_dataset/MSV/1719915120983.jpg,MSV,low_green:0.032,750,1000,RGB,150.1
/home/luno/Projects/yellowmaize/maize_dataset/MSV/1719915168858.jpg,MSV,low_green:0.040,750,1000,RGB,133.3
/home/luno/Projects/yellowmaize/maize_dataset/MSV/1719915140252.jpg,MSV,low_green:0.038,750,1000,RGB,136.8
/home/luno/Projects/yellowmaize/maize_dataset/MSV/1719915192067.jpg,MSV,low_green:0.028,750,1000,RGB,117.5
/home/luno/Projects/yellowmaize/maize_dataset/MSV/1719915221624.jpg,MSV,low_green:0.034,750,1000,RGB,116.3
/home/luno/Projects/yellowmaize/maize_dataset/MSV/1719922477145.jpg,MSV,low_green:0.005,750,1000,RGB,109.1
/home/luno/Projects/yellowmaize/maize_dataset/MSV/1719922966714.jpg,MSV,low_green:0.027,750,1000,RGB,94.9
/home/luno/Projects/yellowmaize/maize_dataset/MSV/1719923034363.jpg,MSV,low_green:0.048,750,1000,RGB,134.1
/home/luno/Projects/yellowmaize/maize_dataset/MSV/1719924489316.jpg,MSV,low_green:0.031,750,1000,RGB,145.0
/home/luno/Projects/yellowmaize/maize_dataset/MSV/1719925286932.jpg,MSV,low_green:0.008,750,1000,RGB,106.5
/home/luno/Projects/yellowmaize/maize_dataset/MSV/1719925325263.jpg,MSV,low_green:0.012,750,1000,RGB,139.4
/home/luno/Projects/yellowmaize/maize_dataset/MSV/1719926560036.jpg,MSV,low_green:0.036,750,1000,RGB,114.6
/home/luno/Projects/yellowmaize/maize_dataset/MSV/1719996442001.jpg,MSV,low_green:0.050,1000,750,RGB,203.0
/home/luno/Projects/yellowmaize/maize_dataset/MSV/1719999194871.jpg,MSV,low_green:0.049,1000,750,RGB,224.0
/home/luno/Projects/yellowmaize/maize_dataset/MSV/1720001650830.jpg,MSV,low_green:0.035,750,1000,RGB,122.2
/home/luno/Projects/yellowmaize/maize_dataset/MSV/1720001758783.jpg,MSV,low_green:0.039,750,1000,RGB,127.5
/home/luno/Projects/yellowmaize/maize_dataset/MSV/1720001680054.jpg,MSV,low_green:0.020,750,1000,RGB,137.5
/home/luno/Projects/yellowmaize/maize_dataset/MSV/1720001805959.jpg,MSV,low_green:0.025,750,1000,RGB,132.6
/home/luno/Projects/yellowmaize/maize_dataset/MSV/1720001851508.jpg,MSV,low_green:0.014,750,1000,RGB,155.6
/home/luno/Projects/yellowmaize/maize_dataset/MSV/1720088940063.jpg,MSV,low_green:0.016,1000,750,RGB,127.1
/home/luno/Projects/yellowmaize/maize_dataset/MSV/1720090115934.jpg,MSV,low_green:0.037,1000,750,RGB,129.0
/home/luno/Projects/yellowmaize/maize_dataset/MSV/1720090163959.jpg,MSV,low_green:0.037,1000,750,RGB,129.0
/home/luno/Projects/yellowmaize/maize_dataset/MSV/1720095458541.jpg,MSV,low_green:0.032,1000,750,RGB,91.0
/home/luno/Projects/yellowmaize/maize_dataset/MSV/1720095617154.jpg,MSV,low_green:0.024,750,1000,RGB,129.8
/home/luno/Projects/yellowmaize/maize_dataset/MSV/1720097912124.jpg,MSV,low_green:0.027,750,1000,RGB,123.5
/home/luno/Projects/yellowmaize/maize_dataset/MSV/1720098175029.jpg,MSV,low_green:0.049,750,1000,RGB,115.9
/home/luno/Projects/yellowmaize/maize_dataset/MSV/1720423848499.jpg,MSV,low_green:0.022,1000,750,RGB,102.7
/home/luno/Projects/yellowmaize/maize_dataset/MSV/1720423980965.jpg,MSV,low_green:0.016,1000,750,RGB,158.0
/home/luno/Projects/yellowmaize/maize_dataset/MSV/1720428441916.jpg,MSV,low_green:0.033,750,1000,RGB,159.8
/home/luno/Projects/yellowmaize/maize_dataset/MSV/1720432257687.jpg,MSV,low_green:0.028,750,1000,RGB,117.5
/home/luno/Projects/yellowmaize/maize_dataset/MSV/1720432319507.jpg,MSV,low_green:0.034,750,1000,RGB,116.3
/home/luno/Projects/yellowmaize/maize_dataset/MSV/1720435964750.jpg,MSV,low_green:0.020,750,1000,RGB,137.5
/home/luno/Projects/yellowmaize/maize_dataset/MSV/1720436002788.jpg,MSV,low_green:0.020,750,1000,RGB,137.5
/home/luno/Projects/yellowmaize/maize_dataset/MSV/1720436081522.jpg,MSV,low_green:0.014,750,1000,RGB,155.6
/home/luno/Projects/yellowmaize/maize_dataset/MSV/1720436041187.jpg,MSV,low_green:0.025,750,1000,RGB,132.6
/home/luno/Projects/yellowmaize/maize_dataset/MSV/1720526247777.jpg,MSV,low_green:0.038,1000,750,RGB,126.1
/home/luno/Projects/yellowmaize/maize_dataset/MSV/1720528387461.jpg,MSV,low_green:0.038,1000,750,RGB,126.1
/home/luno/Projects/yellowmaize/maize_dataset/MSV/1720685146438.jpg,MSV,low_green:0.042,750,1000,RGB,133.7
/home/luno/Projects/yellowmaize/maize_dataset/MSV/1720707171225.jpg,MSV,low_green:0.036,750,1000,RGB,101.7
/home/luno/Projects/yellowmaize/maize_dataset/MSV/1720781075561.jpg,MSV,low_green:0.045,1000,750,RGB,106.5
/home/luno/Projects/yellowmaize/maize_dataset/MSV/1720783702208.jpg,MSV,low_green:0.024,750,1000,RGB,137.3
/home/luno/Projects/yellowmaize/maize_dataset/MSV/1720791587961.jpg,MSV,low_green:0.047,1000,750,RGB,112.3
/home/luno/Projects/yellowmaize/maize_dataset/MSV/1720792266574.jpg,MSV,low_green:0.037,750,1000,RGB,84.6
/home/luno/Projects/yellowmaize/maize_dataset/MSV/1721736127913.jpg,MSV,low_green:0.045,1000,750,RGB,133.7
/home/luno/Projects/yellowmaize/maize_dataset/MSV/1721736189016.jpg,MSV,low_green:0.049,1000,750,RGB,122.4
/home/luno/Projects/yellowmaize/maize_dataset/MSV/1721735898077.jpg,MSV,low_green:0.049,1000,750,RGB,122.4
/home/luno/Projects/yellowmaize/maize_dataset/MSV/1723541832036.jpg,MSV,low_green:0.033,750,1000,RGB,159.8
/home/luno/Projects/yellowmaize/maize_dataset/MSV/1723544326860.jpg,MSV,low_green:0.020,750,1000,RGB,137.5
/home/luno/Projects/yellowmaize/maize_dataset/MSV/1723544819945.jpg,MSV,low_green:0.020,750,1000,RGB,137.5
/home/luno/Projects/yellowmaize/maize_dataset/MSV/1723544901462.jpg,MSV,low_green:0.025,750,1000,RGB,132.6
/home/luno/Projects/yellowmaize/maize_dataset/MSV/1723545543112.jpg,MSV,low_green:0.014,750,1000,RGB,155.6
/home/luno/Projects/yellowmaize/maize_dataset/MSV/Image_125.jpg,MSV,low_green:0.013,640,480,RGB,284.7
/home/luno/Projects/yellowmaize/maize_dataset/MSV/Image_182.jpg,MSV,low_green:0.036,640,480,RGB,259.3
/home/luno/Projects/yellowmaize/maize_dataset/MSV/Image_193.jpg,MSV,low_green:0.038,480,640,RGB,273.1
/home/luno/Projects/yellowmaize/maize_dataset/MSV/Image_3381.jpg,MSV,low_green:0.012,480,640,RGB,304.6
/home/luno/Projects/yellowmaize/maize_dataset/MSV/Image_3778.jpg,MSV,low_green:0.045,480,640,RGB,302.3
/home/luno/Projects/yellowmaize/maize_dataset/MSV/Image_4180.jpg,MSV,low_green:0.042,640,480,RGB,280.8
/home/luno/Projects/yellowmaize/maize_dataset/MSV/Image_4208.jpg,MSV,low_green:0.048,480,640,RGB,299.7
/home/luno/Projects/yellowmaize/maize_dataset/MSV/Image_4312.jpg,MSV,low_green:0.043,480,640,RGB,290.7
/home/luno/Projects/yellowmaize/maize_dataset/MSV/Image_4313.jpg,MSV,low_green:0.016,480,640,RGB,292.2
/home/luno/Projects/yellowmaize/maize_dataset/MSV/Image_4395.jpg,MSV,low_green:0.024,480,640,RGB,290.1
/home/luno/Projects/yellowmaize/maize_dataset/MSV/Image_4737.jpg,MSV,low_green:0.048,480,640,RGB,271.8
/home/luno/Projects/yellowmaize/maize_dataset/MSV/Image_4768.jpg,MSV,low_green:0.033,480,640,RGB,297.8
/home/luno/Projects/yellowmaize/maize_dataset/MSV/Image_5075.jpg,MSV,low_green:0.028,480,640,RGB,259.2
/home/luno/Projects/yellowmaize/maize_dataset/MSV/Image_5272.jpg,MSV,low_green:0.038,640,480,RGB,283.9
/home/luno/Projects/yellowmaize/maize_dataset/MSV/Image_5298.jpg,MSV,low_green:0.022,480,640,RGB,280.3
/home/luno/Projects/yellowmaize/maize_dataset/MSV/Image_5302.jpg,MSV,low_green:0.049,480,640,RGB,285.0
/home/luno/Projects/yellowmaize/maize_dataset/MSV/Image_5324.jpg,MSV,low_green:0.011,480,640,RGB,276.2
/home/luno/Projects/yellowmaize/maize_dataset/MSV/Image_5345.jpg,MSV,low_green:0.010,480,640,RGB,282.1
/home/luno/Projects/yellowmaize/maize_dataset/MSV/Image_5413.jpg,MSV,low_green:0.003,480,640,RGB,237.2
/home/luno/Projects/yellowmaize/maize_dataset/MSV/Image_5421.jpg,MSV,low_green:0.004,640,480,RGB,264.0
/home/luno/Projects/yellowmaize/maize_dataset/MSV/Image_5446.jpg,MSV,low_green:0.009,480,640,RGB,264.4
/home/luno/Projects/yellowmaize/maize_dataset/MSV/Image_5893.jpg,MSV,low_green:0.001,480,640,RGB,228.5
/home/luno/Projects/yellowmaize/maize_dataset/MSV/Image_5917.jpg,MSV,low_green:0.020,640,480,RGB,268.7
/home/luno/Projects/yellowmaize/maize_dataset/MSV/Image_5914.jpg,MSV,low_green:0.033,640,480,RGB,282.2
/home/luno/Projects/yellowmaize/maize_dataset/MSV/Image_6020.jpg,MSV,low_green:0.048,640,480,RGB,260.3
/home/luno/Projects/yellowmaize/maize_dataset/MSV/Image_61.jpg,MSV,low_green:0.039,480,640,RGB,281.9
/home/luno/Projects/yellowmaize/maize_dataset/MSV/Image_621.jpg,MSV,low_green:0.039,480,640,RGB,230.0
/home/luno/Projects/yellowmaize/maize_dataset/MSV/Image_626.jpg,MSV,low_green:0.020,480,640,RGB,277.5
/home/luno/Projects/yellowmaize/maize_dataset/MSV/Image_6310.jpg,MSV,low_green:0.004,480,640,RGB,269.7
/home/luno/Projects/yellowmaize/maize_dataset/MSV/Image_64.jpg,MSV,low_green:0.017,640,480,RGB,253.3
/home/luno/Projects/yellowmaize/maize_dataset/MSV/Image_739.jpg,MSV,low_green:0.041,480,640,RGB,272.1
/home/luno/Projects/yellowmaize/maize_dataset/MSV/Image_759.jpg,MSV,low_green:0.032,480,640,RGB,201.7
/home/luno/Projects/yellowmaize/maize_dataset/MSV/Image_765.jpg,MSV,low_green:0.033,640,480,RGB,287.7
/home/luno/Projects/yellowmaize/maize_dataset/MSV/MSV_2007.JPEG,MSV,low_green:0.015,1684,1869,RGB,764.6
/home/luno/Projects/yellowmaize/maize_dataset/MSV/MSV_2504.JPEG,MSV,low_green:0.025,1928,1630,RGB,721.5
/home/luno/Projects/yellowmaize/maize_dataset/MSV/MSV_530.JPEG,MSV,low_green:0.048,1536,2048,RGB,507.9
/home/luno/Projects/yellowmaize/maize_dataset/MSV/MSV_99743875 (1377).JPEG,MSV,low_green:0.025,1928,1630,RGB,721.5
/home/luno/Projects/yellowmaize/maize_dataset/MSV/MSV_99743875 (1928).JPEG,MSV,low_green:0.015,1684,1869,RGB,764.6
/home/luno/Projects/yellowmaize/maize_dataset/MSV/MSV_99743875 (518).JPEG,MSV,low_green:0.048,1536,2048,RGB,507.9
/home/luno/Projects/yellowmaize/maize_dataset/MLN/1726059428326.jpg,MLN,low_green:0.028,1000,750,RGB,134.5
/home/luno/Projects/yellowmaize/maize_dataset/MLN/1726059413904.jpg,MLN,low_green:0.028,1000,750,RGB,134.5
/home/luno/Projects/yellowmaize/maize_dataset/MLN/1726059399504.jpg,MLN,low_green:0.025,1000,750,RGB,152.4
/home/luno/Projects/yellowmaize/maize_dataset/MLN/1726059443361.jpg,MLN,low_green:0.028,1000,750,RGB,134.5
/home/luno/Projects/yellowmaize/maize_dataset/MLN/1726059498517.jpg,MLN,low_green:0.028,1000,750,RGB,134.5
/home/luno/Projects/yellowmaize/maize_dataset/MLN/1726059550698.jpg,MLN,low_green:0.048,1000,750,RGB,149.9
/home/luno/Projects/yellowmaize/maize_dataset/MLN/1728033842430.jpg,MLN,low_green:0.050,750,1000,RGB,85.3
/home/luno/Projects/yellowmaize/maize_dataset/MLN/1728033887084.jpg,MLN,low_green:0.041,750,1000,RGB,85.2
/home/luno/Projects/yellowmaize/maize_dataset/MLN/1728034374132.jpg,MLN,low_green:0.018,750,1000,RGB,149.6
/home/luno/Projects/yellowmaize/maize_dataset/MLN/1728034403009.jpg,MLN,low_green:0.023,750,1000,RGB,136.9
/home/luno/Projects/yellowmaize/maize_dataset/MLN/1728034427079.jpg,MLN,low_green:0.022,750,1000,RGB,143.0
/home/luno/Projects/yellowmaize/maize_dataset/MLN/1728034517260.jpg,MLN,low_green:0.037,750,1000,RGB,120.4
/home/luno/Projects/yellowmaize/maize_dataset/MLN/1728034478666.jpg,MLN,low_green:0.033,750,1000,RGB,135.8
/home/luno/Projects/yellowmaize/maize_dataset/MLN/1728034749984.jpg,MLN,low_green:0.049,750,1000,RGB,139.6
/home/luno/Projects/yellowmaize/maize_dataset/MLN/1728034795396.jpg,MLN,low_green:0.026,750,1000,RGB,144.4
/home/luno/Projects/yellowmaize/maize_dataset/MLN/1728034872394.jpg,MLN,low_green:0.049,750,1000,RGB,139.6
/home/luno/Projects/yellowmaize/maize_dataset/MLN/1728035013103.jpg,MLN,low_green:0.049,750,1000,RGB,139.6
/home/luno/Projects/yellowmaize/maize_dataset/MLN/1728035062167.jpg,MLN,low_green:0.026,750,1000,RGB,144.4
/home/luno/Projects/yellowmaize/maize_dataset/MLN/1728035097174.jpg,MLN,low_green:0.018,750,1000,RGB,138.4
/home/luno/Projects/yellowmaize/maize_dataset/MLN/1728037016813.jpg,MLN,low_green:0.041,750,1000,RGB,102.0
/home/luno/Projects/yellowmaize/maize_dataset/MLN/MLN_1125.JPEG,MLN,low_green:0.033,1536,2048,RGB,663.2
/home/luno/Projects/yellowmaize/maize_dataset/MLN/MLN_1139.JPEG,MLN,low_green:0.012,1536,2048,RGB,583.5
/home/luno/Projects/yellowmaize/maize_dataset/MLN/MLN_1152.JPEG,MLN,low_green:0.018,1536,2048,RGB,631.2
/home/luno/Projects/yellowmaize/maize_dataset/MLN/MLN_1179.JPEG,MLN,low_green:0.011,1536,2048,RGB,611.2
/home/luno/Projects/yellowmaize/maize_dataset/MLN/MLN_1192.JPEG,MLN,low_green:0.006,1536,2048,RGB,775.0
/home/luno/Projects/yellowmaize/maize_dataset/MLN/MLN_1205.JPEG,MLN,low_green:0.022,1536,2048,RGB,600.8
/home/luno/Projects/yellowmaize/maize_dataset/MLN/MLN_1262.JPEG,MLN,low_green:0.010,2048,1536,RGB,740.9
/home/luno/Projects/yellowmaize/maize_dataset/MLN/MLN_128.JPEG,MLN,low_green:0.024,2048,1536,RGB,555.5
/home/luno/Projects/yellowmaize/maize_dataset/MLN/MLN_1628.JPEG,MLN,low_green:0.001,1523,1220,RGB,420.7
/home/luno/Projects/yellowmaize/maize_dataset/MLN/MLN_1625.JPEG,MLN,low_green:0.033,1536,2048,RGB,891.0
/home/luno/Projects/yellowmaize/maize_dataset/MLN/MLN_1777.JPEG,MLN,low_green:0.015,1957,1524,RGB,732.5
/home/luno/Projects/yellowmaize/maize_dataset/MLN/MLN_1826.JPEG,MLN,low_green:0.017,2048,1536,RGB,562.3
/home/luno/Projects/yellowmaize/maize_dataset/MLN/MLN_1961.JPEG,MLN,low_green:0.001,2048,1536,RGB,554.3
/home/luno/Projects/yellowmaize/maize_dataset/MLN/MLN_2096.JPEG,MLN,low_green:0.004,2048,1536,RGB,621.2
/home/luno/Projects/yellowmaize/maize_dataset/MLN/MLN_2235.JPEG,MLN,low_green:0.022,2048,1536,RGB,814.2
/home/luno/Projects/yellowmaize/maize_dataset/MLN/MLN_2370.JPEG,MLN,low_green:0.006,2048,1536,RGB,611.3
/home/luno/Projects/yellowmaize/maize_dataset/MLN/MLN_2438.JPEG,MLN,low_green:0.023,1536,2048,RGB,556.6
/home/luno/Projects/yellowmaize/maize_dataset/MLN/MLN_2543.JPEG,MLN,low_green:0.014,2048,1536,RGB,625.5
/home/luno/Projects/yellowmaize/maize_dataset/MLN/MLN_2848.JPEG,MLN,low_green:0.046,1536,2048,RGB,851.8
/home/luno/Projects/yellowmaize/maize_dataset/MLN/MLN_3.JPEG,MLN,low_green:0.000,1484,1536,RGB,379.7
/home/luno/Projects/yellowmaize/maize_dataset/MLN/MLN_3000.JPEG,MLN,low_green:0.045,1536,2048,RGB,789.8
/home/luno/Projects/yellowmaize/maize_dataset/MLN/MLN_3014.JPEG,MLN,low_green:0.032,1536,2048,RGB,845.9
/home/luno/Projects/yellowmaize/maize_dataset/MLN/MLN_3084.JPEG,MLN,low_green:0.036,2048,1536,RGB,678.9
/home/luno/Projects/yellowmaize/maize_dataset/MLN/MLN_3108.JPEG,MLN,low_green:0.000,1251,1496,RGB,339.3
/home/luno/Projects/yellowmaize/maize_dataset/MLN/MLN_3220.JPEG,MLN,low_green:0.011,2048,1536,RGB,528.2
/home/luno/Projects/yellowmaize/maize_dataset/MLN/MLN_647.JPEG,MLN,low_green:0.046,2048,1536,RGB,769.5
/home/luno/Projects/yellowmaize/maize_dataset/MLN/MLN_9973434 (1066).JPEG,MLN,low_green:0.046,1536,2048,RGB,851.8
/home/luno/Projects/yellowmaize/maize_dataset/MLN/MLN_9973434 (1404).JPEG,MLN,low_green:0.014,2048,1536,RGB,625.5
/home/luno/Projects/yellowmaize/maize_dataset/MLN/MLN_9973434 (1521).JPEG,MLN,low_green:0.023,1536,2048,RGB,556.6
/home/luno/Projects/yellowmaize/maize_dataset/MLN/MLN_9973434 (1597).JPEG,MLN,low_green:0.006,2048,1536,RGB,611.3
/home/luno/Projects/yellowmaize/maize_dataset/MLN/MLN_9973434 (1747).JPEG,MLN,low_green:0.022,2048,1536,RGB,814.2
/home/luno/Projects/yellowmaize/maize_dataset/MLN/MLN_9973434 (1901).JPEG,MLN,low_green:0.004,2048,1536,RGB,621.2
/home/luno/Projects/yellowmaize/maize_dataset/MLN/MLN_9973434 (2051).JPEG,MLN,low_green:0.001,2048,1536,RGB,554.3
/home/luno/Projects/yellowmaize/maize_dataset/MLN/MLN_9973434 (2200).JPEG,MLN,low_green:0.017,2048,1536,RGB,562.3
/home/luno/Projects/yellowmaize/maize_dataset/MLN/MLN_9973434 (2255).JPEG,MLN,low_green:0.015,1957,1524,RGB,732.5
/home/luno/Projects/yellowmaize/maize_dataset/MLN/MLN_9973434 (2416).JPEG,MLN,low_green:0.001,1523,1220,RGB,420.7
/home/luno/Projects/yellowmaize/maize_dataset/MLN/MLN_9973434 (2419).JPEG,MLN,low_green:0.033,1536,2048,RGB,891.0
/home/luno/Projects/yellowmaize/maize_dataset/MLN/MLN_9973434 (2798).JPEG,MLN,low_green:0.024,2048,1536,RGB,555.5
/home/luno/Projects/yellowmaize/maize_dataset/MLN/MLN_9973434 (2816).JPEG,MLN,low_green:0.010,2048,1536,RGB,740.9
/home/luno/Projects/yellowmaize/maize_dataset/MLN/MLN_9973434 (2881).JPEG,MLN,low_green:0.022,1536,2048,RGB,600.8
/home/luno/Projects/yellowmaize/maize_dataset/MLN/MLN_9973434 (2894).JPEG,MLN,low_green:0.006,1536,2048,RGB,775.0
/home/luno/Projects/yellowmaize/maize_dataset/MLN/MLN_9973434 (2904).JPEG,MLN,low_green:0.011,1536,2048,RGB,611.2
/home/luno/Projects/yellowmaize/maize_dataset/MLN/MLN_9973434 (2932).JPEG,MLN,low_green:0.018,1536,2048,RGB,631.2
/home/luno/Projects/yellowmaize/maize_dataset/MLN/MLN_9973434 (2949).JPEG,MLN,low_green:0.012,1536,2048,RGB,583.5
/home/luno/Projects/yellowmaize/maize_dataset/MLN/MLN_9973434 (2965).JPEG,MLN,low_green:0.033,1536,2048,RGB,663.2
/home/luno/Projects/yellowmaize/maize_dataset/MLN/MLN_9973434 (337).JPEG,MLN,low_green:0.046,2048,1536,RGB,769.5
/home/luno/Projects/yellowmaize/maize_dataset/MLN/MLN_9973434 (662).JPEG,MLN,low_green:0.011,2048,1536,RGB,528.2
/home/luno/Projects/yellowmaize/maize_dataset/MLN/MLN_9973434 (777).JPEG,MLN,low_green:0.000,1251,1496,RGB,339.3
/home/luno/Projects/yellowmaize/maize_dataset/MLN/MLN_9973434 (803).JPEG,MLN,low_green:0.036,2048,1536,RGB,678.9
/home/luno/Projects/yellowmaize/maize_dataset/MLN/MLN_9973434 (881).JPEG,MLN,low_green:0.032,1536,2048,RGB,845.9
/home/luno/Projects/yellowmaize/maize_dataset/MLN/MLN_9973434 (896).JPEG,MLN,low_green:0.045,1536,2048,RGB,789.8
/home/luno/Projects/yellowmaize/maize_dataset/MLN/MLN_9973434 (899).JPEG,MLN,low_green:0.000,1484,1536,RGB,379.7
