phase,epoch,train_loss,val_loss,sil_mIoU,sil_dice,sil_recall,sym_mIoU,sym_dice,cls_acc,msv_f1,msv_f1_early,msv_f1_mid,msv_f1_severe,mln_f1,macro_f1,mcc,sev_mae,sev_mse,sev_rmse,sev_mape,sev_r2,sev_pearson,composite
1,1,-1.27892,-1.27699,0.9126,0.9543,0.9486,0.6352,0.7769,0.9418,0.9195,0.5832,0.5645,0.9317,0.9362,0.9377,0.9094,8.21,276.31,16.62,11732391.37,0.7099,0.862,0.8169
1,2,-2.58811,-1.47766,0.9163,0.9563,0.9553,0.6535,0.7904,0.941,0.9187,0.5914,0.5597,0.9285,0.9354,0.9369,0.9081,8.14,272.61,16.51,19658170.62,0.7138,0.8596,0.8194
1,3,-2.66065,-1.56528,0.9167,0.9565,0.9508,0.6544,0.7911,0.9405,0.918,0.5898,0.5527,0.9293,0.9341,0.9364,0.9074,8.2,272.65,16.51,14251308.33,0.7137,0.8537,0.8183
1,4,-2.67279,-1.3011,0.9165,0.9564,0.9502,0.6481,0.7865,0.9397,0.9156,0.6074,0.5795,0.9357,0.9334,0.9352,0.906,8.14,267.35,16.35,18621170.77,0.7193,0.8605,0.8247
1,5,-2.67121,-1.42367,0.9158,0.9561,0.9482,0.6641,0.7981,0.936,0.9087,0.5333,0.5025,0.9162,0.9305,0.9311,0.9006,8.77,276.39,16.62,35390767.46,0.7098,0.8543,0.7998
1,6,-2.71262,-1.51789,0.9198,0.9582,0.9487,0.6631,0.7974,0.9389,0.9155,0.576,0.5416,0.9231,0.9319,0.9346,0.9049,8.38,269.01,16.4,28946410.1,0.7175,0.8554,0.8149
1,7,-2.70457,-1.37458,0.917,0.9567,0.9534,0.6605,0.7956,0.9392,0.9182,0.5945,0.5616,0.9294,0.9321,0.9352,0.9054,8.05,252.41,15.89,20756271.41,0.735,0.8663,0.8201
1,8,-2.72735,-1.3682,0.9195,0.9581,0.9549,0.6646,0.7985,0.9412,0.9163,0.5754,0.5457,0.9229,0.9351,0.9367,0.9085,8.93,289.48,17.01,54624897.85,0.6961,0.8415,0.815
1,9,-2.73071,-1.43623,0.918,0.9572,0.9519,0.6615,0.7963,0.9394,0.916,0.5784,0.5292,0.9217,0.9328,0.9351,0.9058,8.4,258.65,16.08,30999131.25,0.7284,0.861,0.8134
1,10,-2.75043,-1.41785,0.9157,0.956,0.9495,0.6568,0.7929,0.9404,0.9191,0.6096,0.5635,0.9311,0.9334,0.9363,0.9072,8.05,256.44,16.01,21146506.15,0.7307,0.8642,0.8231
1,11,-2.76939,-1.45963,0.9159,0.9561,0.9522,0.664,0.7981,0.9418,0.9174,0.5857,0.5593,0.9293,0.9359,0.9373,0.9093,8.27,254.48,15.95,26314174.53,0.7328,0.8606,0.818
1,12,-2.7891,-1.39792,0.9191,0.9578,0.9434,0.6629,0.7973,0.9406,0.9163,0.5955,0.545,0.9279,0.9353,0.9361,0.9075,8.18,259.06,16.1,19378622.75,0.728,0.8598,0.8198
1,13,-2.7843,-1.54227,0.9209,0.9588,0.9516,0.6645,0.7984,0.9396,0.9174,0.59,0.5463,0.9278,0.9329,0.9354,0.906,8.39,257.4,16.04,30181865.52,0.7297,0.8645,0.8189
1,14,-2.80213,-1.47309,0.9205,0.9586,0.9493,0.6712,0.8033,0.9421,0.9182,0.5754,0.5547,0.9286,0.9372,0.9377,0.9098,8.3,248.03,15.75,34923506.9,0.7396,0.8649,0.8175
2,1,-3.81007,-2.05261,0.926,0.9616,0.9534,0.6838,0.8122,0.9884,0.9829,0.862,0.873,0.9869,0.988,0.9874,0.9819,4.94,115.66,10.75,1977879.86,0.8786,0.9404,0.9227
2,2,-4.22977,-2.58468,0.9258,0.9615,0.9546,0.702,0.8249,0.9894,0.9848,0.8748,0.8887,0.9884,0.9888,0.9886,0.9835,4.42,84.9,9.21,1306031.52,0.9109,0.9553,0.9275
2,3,-4.44541,-2.56549,0.9261,0.9616,0.9536,0.6982,0.8223,0.9899,0.986,0.896,0.9147,0.9909,0.9894,0.9892,0.9843,4.28,76.33,8.74,728841.31,0.9199,0.962,0.9348
2,4,-4.57503,-2.7032,0.9274,0.9624,0.9528,0.6967,0.8212,0.9907,0.9865,0.8987,0.9097,0.9907,0.9903,0.99,0.9855,4.51,84.18,9.17,3848328.33,0.9116,0.9592,0.9353
2,5,-4.6817,-3.08317,0.9278,0.9625,0.9553,0.7012,0.8243,0.9904,0.9863,0.8872,0.9065,0.9907,0.9899,0.9897,0.9851,4.38,73.3,8.56,3317307.06,0.923,0.9608,0.9328
2,6,-4.75276,-3.10161,0.9291,0.9633,0.953,0.703,0.8256,0.9908,0.9863,0.8958,0.8997,0.9891,0.9903,0.99,0.9856,4.19,74.22,8.61,2202539.53,0.9221,0.9616,0.9346
2,7,-4.80559,-3.06495,0.9281,0.9627,0.9533,0.7091,0.8298,0.9907,0.9864,0.8989,0.9125,0.9911,0.9903,0.9899,0.9855,4.02,67.43,8.21,1621713.45,0.9292,0.9656,0.9364
2,8,-4.86803,-3.07711,0.9272,0.9622,0.954,0.7081,0.8291,0.991,0.9871,0.8929,0.8994,0.9898,0.9905,0.9903,0.986,4.25,71.89,8.48,817552.24,0.9245,0.9643,0.9332
2,9,-4.89931,-3.06187,0.9282,0.9628,0.9554,0.7083,0.8293,0.9913,0.9877,0.8974,0.9162,0.9913,0.9912,0.9907,0.9865,4.0,68.08,8.25,1615771.83,0.9285,0.965,0.9366
2,10,-4.93463,-3.1164,0.9291,0.9633,0.9547,0.7093,0.83,0.991,0.9869,0.9015,0.9159,0.9913,0.9907,0.9903,0.986,4.03,69.95,8.36,1156933.82,0.9266,0.9644,0.9377
2,11,-4.9693,-3.25031,0.929,0.9632,0.9545,0.7136,0.8328,0.9916,0.9881,0.9025,0.9147,0.9916,0.9914,0.991,0.987,4.01,63.58,7.97,4572926.32,0.9332,0.967,0.9378
2,12,-4.99623,-3.14063,0.9293,0.9634,0.9554,0.7078,0.8289,0.9914,0.9878,0.9022,0.913,0.9907,0.9911,0.9908,0.9866,4.19,70.23,8.38,2530393.71,0.9263,0.9656,0.9375
2,13,-5.02215,-3.26498,0.9287,0.9631,0.9547,0.7117,0.8316,0.9913,0.9869,0.8936,0.9016,0.9903,0.9909,0.9905,0.9865,3.91,64.91,8.06,1015340.34,0.9318,0.9662,0.9346
2,14,-5.11442,-3.28813,0.9296,0.9635,0.9547,0.7134,0.8327,0.9919,0.9884,0.9058,0.9202,0.9914,0.9916,0.9913,0.9874,3.87,63.73,7.98,1619812.55,0.9331,0.9672,0.9395
2,15,-5.10355,-3.29735,0.9293,0.9634,0.9557,0.713,0.8325,0.9916,0.988,0.8976,0.9068,0.9903,0.9914,0.991,0.9869,3.87,61.92,7.87,3879149.4,0.935,0.9671,0.9363
2,16,-5.12904,-3.25049,0.9297,0.9636,0.9542,0.7131,0.8325,0.9921,0.9887,0.9067,0.9214,0.9916,0.992,0.9915,0.9876,3.73,61.85,7.86,2246281.74,0.9351,0.9676,0.94
2,17,-5.18189,-3.28668,0.9302,0.9639,0.9551,0.7138,0.833,0.9921,0.9885,0.9068,0.9253,0.9919,0.992,0.9915,0.9877,3.7,61.84,7.86,1473684.15,0.9351,0.9675,0.9407
2,18,-5.1832,-3.35151,0.9298,0.9636,0.9548,0.7132,0.8326,0.9919,0.9884,0.9059,0.9192,0.9914,0.9917,0.9913,0.9873,3.74,61.37,7.83,2851229.83,0.9356,0.9676,0.9396
2,19,-5.18671,-3.33588,0.9294,0.9634,0.9549,0.7117,0.8316,0.9921,0.9889,0.9101,0.9212,0.9916,0.992,0.9916,0.9877,3.74,62.13,7.88,1984887.23,0.9348,0.9675,0.9406
2,20,-5.22759,-3.38603,0.9296,0.9635,0.955,0.7122,0.8319,0.992,0.9888,0.9091,0.9222,0.9917,0.9918,0.9915,0.9876,3.75,61.75,7.86,2025880.77,0.9352,0.9676,0.9405
